,zipcode,city,state,median_listing_price
0,07458, Saddle River ,NJ ,9999999
1,07003, BLOOMFIELD ,NJ ,439900
2,07436, OAKLAND ,NJ ,450000
3,08736, Manasquan ,NJ ,585000
4,07401, Allendale ,NJ ,999900
5,08817, Edison ,NJ ,240000
6,07620, Alpine ,NJ ,6699000
7,07016, CRANFORD ,NJ ,509000
8,07013, CLIFTON ,NJ ,280000
9,07922, Berkeley Heights ,NJ ,699000
10,07470, Wayne ,NJ ,494000
11,07083, Union ,NJ ,315000
12,07762, SPRING LAKE ,NJ ,12900000
13,07004, FAIRFIELD ,NJ ,429000
14,07726, MANALAPAN ,NJ ,700000
15,07731, Howell ,NJ ,199500
16,07869, RANDOLPH ,NJ ,349000
17,08742, POINT PLEASANT BORO ,NJ ,425000
18,07054, PARSIPPANY ,NJ ,159500
19,07470, WAYNE ,NJ ,313500
20,07755, Oakhurst ,NJ ,525000
21,07017, EAST ORANGE ,NJ ,269900
22,07666, Teaneck ,NJ ,599000
23,07463, WALDWICK ,NJ ,345500
24,07620, ALPINE ,NJ ,18500000
25,37918, KNOXVILLE ,TN ,189900
26,37917, KNOXVILLE ,TN ,95000
27,37167, SMYRNA ,TN ,219900
28,37804, Maryville ,TN ,194900
29,38119, MEMPHIS ,TN ,465000
30,37209, Nashville ,TN ,214900
31,37343, HIXSON ,TN ,285000
32,37421, CHATTANOOGA ,TN ,195000
33,38016, Cordova ,TN ,179900
34,37918, KNOXVILLE ,TN ,170000
35,37411, CHATTANOOGA ,TN ,249900
36,37683, Mountain City ,TN ,215000
37,37064, Franklin ,TN ,310000
38,37013, ANTIOCH ,TN ,117900
39,37323, Cleveland ,TN ,59900
40,37221, NASHVILLE ,TN ,590000
41,38106, MEMPHIS ,TN ,11900
42,37075, HENDERSONVILLE ,TN ,234000
43,37166, Smithville ,TN ,99000
44,37215, NASHVILLE ,TN ,750000
45,37027, BRENTWOOD ,TN ,435000
46,38305, Jackson ,TN ,249900
47,37922, Knoxville ,TN ,415000
48,37027, Brentwood ,TN ,1975000
49,37172, Springfield ,TN ,380000
50,91436, Encino ,CA ,7495000
51,93953, Pebble Beach ,CA ,34900000
52,92126, San Diego ,CA ,249900
53,92705, SANTA ANA ,CA ,19900000
54,94608, EMERYVILLE ,CA ,699000
55,91302, Calabasas ,CA ,399000
56,91342, Sylmar ,CA ,245000
57,91361, Thousand Oaks ,CA ,29900000
58,91206, GLENDALE ,CA ,360000
59,95060, Santa Cruz ,CA ,198000
60,93953, Pebble Beach ,CA ,37000000
61,91302, CALABASAS ,CA ,4995000
62,95678, Roseville ,CA ,325000
63,92008, CARLSBAD ,CA ,29950000
64,90254, Hermosa Beach ,CA ,22000000
65,92124, SAN DIEGO ,CA ,530000
66,95838, SACRAMENTO ,CA ,182700
67,91606, North Hollywood ,CA ,579000
68,92111, San Diego ,CA ,175000
69,92626, COSTA MESA ,CA ,399900
70,95660, NORTH HIGHLANDS ,CA ,290000
71,95123, SAN JOSE ,CA ,749000
72,90277, REDONDO BEACH ,CA ,1199000
73,95020, Gilroy ,CA ,599888
74,93313, Bakersfield ,CA ,269900
75,84790, Saint George ,UT ,1750000
76,84043, Lehi ,UT ,419500
77,84092, SANDY ,UT ,455000
78,84047, Midvale ,UT ,289000
79,84043, Lehi ,UT ,1200000
80,84770, St George ,UT ,419000
81,84770, St George ,UT ,249000
82,84770, St George ,UT ,324900
83,84663, Springville ,UT ,299900
84,84020, Draper ,UT ,435000
85,84049, Midway ,UT ,350000
86,84088, WEST JORDAN ,UT ,325000
87,84107, Murray ,UT ,114900
88,84121, Cottonwood Heights ,UT ,625000
89,84088, WEST JORDAN ,UT ,275000
90,84084, WEST JORDAN ,UT ,224500
91,84010, BOUNTIFUL ,UT ,495000
92,84020, DRAPER ,UT ,999900
93,84088, West Jordan ,UT ,56900
94,84043, Lehi ,UT ,339900
95,84040, LAYTON ,UT ,309000
96,84060, Park City ,UT ,6250000
97,84790, St George ,UT ,247000
98,84660, Spanish Fork ,UT ,329900
99,84010, BOUNTIFUL ,UT ,309000
100,78754, Austin ,TX ,64900
101,77019, HOUSTON ,TX ,22000000
102,78245, SAN ANTONIO ,TX ,205000
103,75002, ALLEN ,TX ,199500
104,77047, HOUSTON ,TX ,184900
105,75034, FRISCO ,TX ,474900
106,75074, PLANO ,TX ,200000
107,76002, Arlington ,TX ,210000
108,78217, SAN ANTONIO ,TX ,149900
109,75077, LEWISVILLE ,TX ,420000
110,78240, SAN ANTONIO ,TX ,179999
111,77429, CYPRESS ,TX ,375000
112,75063, Irving ,TX ,209900
113,75022, FLOWER MOUND ,TX ,229000
114,77065, HOUSTON ,TX ,75000
115,75230, DALLAS ,TX ,1599000
116,75104, CEDAR HILL ,TX ,400000
117,77396, HUMBLE ,TX ,83600
118,77373, SPRING ,TX ,199000
119,78750, AUSTIN ,TX ,800000
120,76107, Fort Worth ,TX ,290000
121,79925, EL PASO ,TX ,114900
122,78244, San Antonio ,TX ,98000
123,78201, San Antonio ,TX ,123500
124,78725, AUSTIN ,TX ,174900
125,08807, BRIDGEWATER ,NJ ,542500
126,08753, Toms River ,NJ ,195000
127,07052, West Orange ,NJ ,299000
128,07078, Short Hills ,NJ ,995000
129,07410, Fair Lawn ,NJ ,404900
130,08012, Blackwood ,NJ ,120000
131,08080, SEWELL ,NJ ,289999
132,07042, Montclair ,NJ ,849000
133,07728, Freehold ,NJ ,318000
134,07011, CLIFTON ,NJ ,349900
135,07830, CALIFON ,NJ ,130000
136,08820, Edison ,NJ ,365000
137,07731, Howell ,NJ ,285000
138,07719, Belmar ,NJ ,565000
139,07203, ROSELLE ,NJ ,300000
140,08360, Vineland ,NJ ,34500
141,07081, SPRINGFIELD ,NJ ,455000
142,08753, TOMS RIVER ,NJ ,499000
143,08021, Lindenwold ,NJ ,84900
144,08736, Manasquan ,NJ ,829000
145,07436, OAKLAND ,NJ ,379000
146,07424, LITTLE FALLS ,NJ ,425000
147,08527, JACKSON ,NJ ,225000
148,07719, Wall Township ,NJ ,389900
149,07004, Fairfield ,NJ ,55000
150,37212, NASHVILLE ,TN ,499900
151,38488, Taft ,TN ,119900
152,37211, NASHVILLE ,TN ,525000
153,37343, Hixson ,TN ,299900
154,37650, Erwin ,TN ,192000
155,37409, CHATTANOOGA ,TN ,259000
156,37130, MURFREESBORO ,TN ,288000
157,37890, White Pine ,TN ,399900
158,37127, Murfreesboro ,TN ,324900
159,37876, Sevierville ,TN ,278500
160,37064, FRANKLIN ,TN ,1550000
161,37040, CLARKSVILLE ,TN ,203000
162,37363, OOLTEWAH ,TN ,6500000
163,37876, Sevierville ,TN ,225000
164,37214, NASHVILLE ,TN ,374900
165,37098, Lyles ,TN ,189000
166,37072, Goodlettsville ,TN ,150000
167,37217, NASHVILLE ,TN ,119000
168,37385, Tellico Plains ,TN ,249900
169,38018, Cordova ,TN ,396000
170,38107, Memphis ,TN ,135900
171,37069, FRANKLIN ,TN ,2749000
172,37082, Kingston Springs ,TN ,610000
173,37204, NASHVILLE ,TN ,749900
174,37919, Knoxville ,TN ,127900
175,92887, YORBA LINDA ,CA ,900000
176,91351, Santa Clarita ,CA ,165000
177,94133, San Francisco ,CA ,7950000
178,92880, Corona ,CA ,164900
179,90210, BEVERLY HILLS ,CA ,35995000
180,92014, Del Mar ,CA ,48000000
181,93720, Fresno ,CA ,389900
182,94550, LIVERMORE ,CA ,650000
183,91302, CALABASAS ,CA ,2549000
184,91350, SANTA CLARITA ,CA ,454900
185,93923, Carmel ,CA ,10500000
186,91436, ENCINO ,CA ,4295000
187,90808, LONG BEACH ,CA ,829000
188,92881, CORONA ,CA ,599999
189,94591, Vallejo ,CA ,349000
190,90501, Torrance ,CA ,150000
191,92563, MURRIETA ,CA ,399900
192,92663, Newport Beach ,CA ,399900
193,92584, MENIFEE ,CA ,349000
194,90265, MALIBU ,CA ,25950000
195,90049, LOS ANGELES ,CA ,25800000
196,90049, LOS ANGELES ,CA ,32000000
197,91436, Encino ,CA ,9750000
198,91302, CALABASAS ,CA ,5750000
199,95661, Roseville ,CA ,575000
200,84790, St George ,UT ,324000
201,84103, Salt Lake City ,UT ,2500000
202,84105, SALT LAKE CITY ,UT ,399900
203,84070, Sandy ,UT ,435000
204,84403, Ogden ,UT ,210000
205,84057, Orem ,UT ,220900
206,84790, St George ,UT ,250000
207,84003, American Fork ,UT ,229900
208,84664, Mapleton ,UT ,550000
209,84770, St George ,UT ,3500000
210,84060, Park City ,UT ,1325000
211,84790, St George ,UT ,269000
212,84770, St George ,UT ,409900
213,84105, SALT LAKE CITY ,UT ,450000
214,84116, Salt Lake City ,UT ,229000
215,84097, Orem ,UT ,5950000
216,84047, Midvale ,UT ,392797
217,84081, WEST JORDAN ,UT ,489900
218,84098, Park City ,UT ,9950000
219,84108, SALT LAKE CITY ,UT ,599000
220,84092, Sandy ,UT ,529900
221,84041, LAYTON ,UT ,250000
222,84770, St George ,UT ,284000
223,84003, American Fork ,UT ,349900
224,84117, Holladay ,UT ,765000
225,77027, Houston ,TX ,7500000
226,77447, Hockley ,TX ,169900
227,77024, HOUSTON ,TX ,18950000
228,76201, DENTON ,TX ,220000
229,75228, DALLAS ,TX ,171000
230,75022, FLOWER MOUND ,TX ,10900000
231,77044, HOUSTON ,TX ,449900
232,78209, San Antonio ,TX ,189900
233,75024, PLANO ,TX ,261
234,77380, SPRING ,TX ,235000
235,76137, Fort Worth ,TX ,250000
236,75074, PLANO ,TX ,370000
237,78664, ROUND ROCK ,TX ,200000
238,75071, MCKINNEY ,TX ,250000
239,76549, Killeen ,TX ,118000
240,75248, Dallas ,TX ,169990
241,76051, Grapevine ,TX ,550000
242,78665, ROUND ROCK ,TX ,307900
243,76104, Fort Worth ,TX ,185000
244,75231, Dallas ,TX ,439000
245,79424, Lubbock ,TX ,280000
246,75240, DALLAS ,TX ,650000
247,75033, FRISCO ,TX ,424900
248,75104, CEDAR HILL ,TX ,299900
249,75215, DALLAS ,TX ,185000
250,07417, Franklin Lakes ,NJ ,9999000
251,07711, Allenhurst ,NJ ,799900
252,08857, Old Bridge ,NJ ,324999
253,07719, BELMAR ,NJ ,849000
254,08619, Trenton ,NJ ,245000
255,07203, Roselle ,NJ ,185000
256,08753, TOMS RIVER ,NJ ,1850000
257,08755, TOMS RIVER ,NJ ,289000
258,07080, SOUTH PLAINFIELD ,NJ ,430000
259,07013, Clifton ,NJ ,255000
260,08052, MAPLE SHADE ,NJ ,173000
261,08801, ANNANDALE ,NJ ,310000
262,08817, Edison ,NJ ,85000
263,08077, CINNAMINSON ,NJ ,130000
264,08854, PISCATAWAY ,NJ ,535000
265,08053, MARLTON ,NJ ,295000
266,07960, MORRISTOWN ,NJ ,349900
267,07871, Sparta ,NJ ,275000
268,07110, Nutley ,NJ ,500000
269,07728, Freehold ,NJ ,379000
270,08034, CHERRY HILL ,NJ ,1975000
271,07470, Wayne ,NJ ,549000
272,08012, Blackwood ,NJ ,150000
273,07462, Vernon ,NJ ,100000
274,08361, Vineland ,NJ ,98800
275,37342, Hillsboro ,TN ,319900
276,37043, Clarksville ,TN ,289900
277,37205, NASHVILLE ,TN ,3487000
278,37312, Cleveland ,TN ,129900
279,37803, Maryville ,TN ,314900
280,37027, BRENTWOOD ,TN ,759900
281,37013, ANTIOCH ,TN ,159900
282,37072, GOODLETTSVILLE ,TN ,200000
283,37046, College Grove ,TN ,229900
284,37863, Pigeon Forge ,TN ,249900
285,37069, FRANKLIN ,TN ,1250000
286,38114, MEMPHIS ,TN ,137000
287,38257, South Fulton ,TN ,250000
288,37211, NASHVILLE ,TN ,399900
289,37917, KNOXVILLE ,TN ,129900
290,37067, FRANKLIN ,TN ,389900
291,37074, Hartsville ,TN ,550000000
292,37210, NASHVILLE ,TN ,319900
293,37772, Lenoir City ,TN ,325000
294,37076, HERMITAGE ,TN ,234500
295,37067, FRANKLIN ,TN ,704500
296,37857, Rogersville ,TN ,265000
297,37909, KNOXVILLE ,TN ,282500
298,37814, Morristown ,TN ,176000
299,38474, Mount Pleasant ,TN ,229800
300,94544, HAYWARD ,CA ,498886
301,95134, San Jose ,CA ,189000
302,92345, HESPERIA ,CA ,300000
303,90043, LOS ANGELES ,CA ,499000
304,91342, SYLMAR ,CA ,375000
305,90265, Malibu ,CA ,35000000
306,93619, Clovis ,CA ,529000
307,91302, CALABASAS ,CA ,4750000
308,95746, Granite Bay ,CA ,839900
309,91744, La Puente ,CA ,195000
310,90049, LOS ANGELES ,CA ,2245000
311,90712, LAKEWOOD ,CA ,499000
312,92603, IRVINE ,CA ,8995000
313,91104, PASADENA ,CA ,749000
314,93036, Oxnard ,CA ,250000
315,94024, Los Altos Hills ,CA ,11998000
316,90077, LOS ANGELES ,CA ,9600000
317,90230, CULVER CITY ,CA ,860000
318,90065, LOS ANGELES ,CA ,750000
319,90068, LOS ANGELES ,CA ,1300000
320,92336, FONTANA ,CA ,374900
321,94544, Hayward ,CA ,309000
322,92557, Moreno Valley ,CA ,369000
323,94705, BERKELEY ,CA ,1095000
324,90062, LOS ANGELES ,CA ,450000
325,84770, St George ,UT ,349900
326,84004, Alpine ,UT ,859900
327,84790, St George ,UT ,549900
328,84737, Hurricane ,UT ,380000
329,84093, Cottonwood Heights ,UT ,565000
330,84660, Spanish Fork ,UT ,429000
331,84106, Salt Lake City ,UT ,600000
332,84601, Provo ,UT ,187900
333,84117, Holladay ,UT ,284900
334,84020, DRAPER ,UT ,580000
335,84025, FARMINGTON ,UT ,365000
336,84041, LAYTON ,UT ,175000
337,84302, BRIGHAM CITY ,UT ,235000
338,84601, Provo ,UT ,232000
339,84095, SOUTH JORDAN ,UT ,419000
340,84005, Eagle Mountain ,UT ,345000
341,84041, LAYTON ,UT ,289900
342,84123, Murray ,UT ,63000
343,84060, Park City ,UT ,1524000
344,84095, SOUTH JORDAN ,UT ,415000
345,84107, Murray ,UT ,124900
346,84081, WEST JORDAN ,UT ,254900
347,84116, Salt Lake City ,UT ,395000
348,84101, Salt Lake City ,UT ,309900
349,84321, Logan ,UT ,3999000
350,75023, PLANO ,TX ,265000
351,75061, IRVING ,TX ,169900
352,75025, PLANO ,TX ,319000
353,78660, PFLUGERVILLE ,TX ,225000
354,78759, AUSTIN ,TX ,599000
355,75220, DALLAS ,TX ,7295000
356,78613, CEDAR PARK ,TX ,215000
357,75216, DALLAS ,TX ,199900
358,75214, DALLAS ,TX ,14900000
359,77016, HOUSTON ,TX ,124900
360,78660, PFLUGERVILLE ,TX ,217000
361,75052, Grand Prairie ,TX ,142000
362,78228, SAN ANTONIO ,TX ,169000
363,76012, Arlington ,TX ,260000
364,78745, AUSTIN ,TX ,369000
365,77084, HOUSTON ,TX ,140000
366,76244, Fort Worth ,TX ,199900
367,75071, MCKINNEY ,TX ,399900
368,78744, AUSTIN ,TX ,134500
369,76049, Granbury ,TX ,139000
370,75707, TYLER ,TX ,89900
371,78734, Lakeway ,TX ,350000
372,75216, DALLAS ,TX ,269900
373,75150, Mesquite ,TX ,130000
374,75074, PLANO ,TX ,200000
375,07083, Union ,NJ ,419000
376,07013, Clifton ,NJ ,300000
377,07631, Englewood ,NJ ,375000
378,07731, Howell ,NJ ,490000
379,08107, Haddon Township ,NJ ,179000
380,08007, Barrington ,NJ ,159900
381,07442, POMPTON LAKES ,NJ ,189900
382,07458, Saddle River ,NJ ,14975000
383,07470, Wayne ,NJ ,470000
384,07712, OCEAN ,NJ ,369000
385,07901, Summit ,NJ ,749000
386,08810, Dayton ,NJ ,157
387,07090, WESTFIELD ,NJ ,589000
388,07039, LIVINGSTON ,NJ ,824900
389,07920, BASKING RIDGE ,NJ ,889000
390,07945, MENDHAM ,NJ ,899000
391,07840, HACKETTSTOWN ,NJ ,250000
392,07733, Holmdel ,NJ ,820000
393,07457, RIVERDALE ,NJ ,289900
394,07866, ROCKAWAY ,NJ ,355000
395,07748, MIDDLETOWN ,NJ ,325000
396,07701, RED BANK ,NJ ,319000
397,07028, Glen Ridge ,NJ ,629000
398,07920, Basking Ridge ,NJ ,799000
399,08722, BEACHWOOD ,NJ ,289900
400,38138, Memphis ,TN ,290000
401,37130, Murfreesboro ,TN ,113
402,37343, Hixson ,TN ,159900
403,37064, Franklin ,TN ,999000
404,38111, MEMPHIS ,TN ,450000
405,37803, Maryville ,TN ,78900
406,37920, Knoxville ,TN ,399900
407,37416, CHATTANOOGA ,TN ,159900
408,37215, NASHVILLE ,TN ,749000
409,37919, Knoxville ,TN ,429900
410,37620, Bristol ,TN ,139900
411,37745, Greeneville ,TN ,314900
412,37421, CHATTANOOGA ,TN ,339900
413,37207, NASHVILLE ,TN ,325000
414,37743, Greeneville ,TN ,39900
415,37303, Athens ,TN ,162900
416,37174, Spring Hill ,TN ,239000
417,38572, Crossville ,TN ,199000
418,37166, Smithville ,TN ,18900
419,37145, Pleasant Shade ,TN ,160000
420,37405, CHATTANOOGA ,TN ,1295000
421,37189, Whites Creek ,TN ,1595000
422,37042, Clarksville ,TN ,83000
423,38138, GERMANTOWN ,TN ,279900
424,38119, MEMPHIS ,TN ,199900
425,94027, Atherton ,CA ,25000000
426,90027, LOS ANGELES ,CA ,23000000
427,94602, OAKLAND ,CA ,829000
428,92037, LA JOLLA ,CA ,8800000
429,95111, SAN JOSE ,CA ,549990
430,94114, SAN FRANCISCO ,CA ,2195000
431,90066, LOS ANGELES ,CA ,750000
432,91325, NORTHRIDGE ,CA ,860000
433,94538, FREMONT ,CA ,439000
434,94116, SAN FRANCISCO ,CA ,1388000
435,94901, SAN RAFAEL ,CA ,899000
436,90210, Beverly Hills ,CA ,30000000
437,95949, Grass Valley ,CA ,325000
438,94123, SAN FRANCISCO ,CA ,6700000
439,94123, SAN FRANCISCO ,CA ,9500000
440,94541, HAYWARD ,CA ,649000
441,91710, CHINO ,CA ,492000
442,91302, Calabasas ,CA ,8000000
443,90077, LOS ANGELES ,CA ,23495000
444,94131, SAN FRANCISCO ,CA ,321557
445,96150, SOUTH LAKE TAHOE ,CA ,15880000
446,91302, Calabasas ,CA ,5295000
447,94121, SAN FRANCISCO ,CA ,1050000
448,90068, LOS ANGELES ,CA ,799000
449,91406, Lake Balboa ,CA ,599000
450,84041, LAYTON ,UT ,340000
451,84003, American Fork ,UT ,254900
452,84105, SALT LAKE CITY ,UT ,779000
453,84020, Draper ,UT ,389900
454,84009, South Jordan ,UT ,380000
455,84004, Alpine ,UT ,649900
456,84088, WEST JORDAN ,UT ,299900
457,84111, Salt Lake City ,UT ,109900
458,84790, St George ,UT ,850000
459,84108, SALT LAKE CITY ,UT ,1399000
460,84106, SALT LAKE CITY ,UT ,620000
461,84070, SANDY ,UT ,339900
462,84105, Salt Lake City ,UT ,565000
463,84790, St George ,UT ,184000
464,84118, SALT LAKE CITY ,UT ,275000
465,84043, Lehi ,UT ,274900
466,84337, Tremonton ,UT ,299900
467,84015, Clinton ,UT ,399000
468,84738, Ivins ,UT ,343500
469,84037, KAYSVILLE ,UT ,395000
470,84074, TOOELE ,UT ,265000
471,84010, BOUNTIFUL ,UT ,679900
472,84081, WEST JORDAN ,UT ,289900
473,84780, Washington ,UT ,447000
474,84094, SANDY ,UT ,200000
475,75023, PLANO ,TX ,265000
476,75061, IRVING ,TX ,169900
477,75025, PLANO ,TX ,319000
478,78660, PFLUGERVILLE ,TX ,225000
479,78759, AUSTIN ,TX ,599000
480,75220, DALLAS ,TX ,7295000
481,78613, CEDAR PARK ,TX ,215000
482,75216, DALLAS ,TX ,199900
483,75214, DALLAS ,TX ,14900000
484,77016, HOUSTON ,TX ,124900
485,78660, PFLUGERVILLE ,TX ,217000
486,75052, Grand Prairie ,TX ,142000
487,78228, SAN ANTONIO ,TX ,169000
488,76012, Arlington ,TX ,260000
489,78745, AUSTIN ,TX ,369000
490,77084, HOUSTON ,TX ,140000
491,76244, Fort Worth ,TX ,199900
492,75071, MCKINNEY ,TX ,399900
493,78744, AUSTIN ,TX ,134500
494,76049, Granbury ,TX ,139000
495,75707, TYLER ,TX ,89900
496,78734, Lakeway ,TX ,350000
497,75216, DALLAS ,TX ,269900
498,75150, Mesquite ,TX ,130000
499,75074, PLANO ,TX ,200000
500,07302, JERSEY CITY ,NJ ,999999
501,07726, MANALAPAN ,NJ ,475000
502,07039, Livingston ,NJ ,649000
503,07302, JERSEY CITY ,NJ ,1525000
504,07728, Freehold ,NJ ,589000
505,07087, Union City ,NJ ,269000
506,08753, TOMS RIVER ,NJ ,429999
507,07079, South Orange ,NJ ,849000
508,07203, Roselle ,NJ ,199900
509,07045, Montville Twp. ,NJ ,3999000
510,07035, Lincoln Park ,NJ ,174820
511,07016, Cranford ,NJ ,699900
512,07050, ORANGE ,NJ ,210000
513,08053, MARLTON ,NJ ,335000
514,08755, Toms River ,NJ ,369900
515,08753, TOMS RIVER ,NJ ,274900
516,07208, Elizabeth ,NJ ,199000
517,08854, PISCATAWAY ,NJ ,319900
518,07728, FREEHOLD ,NJ ,219900
519,08088, Southampton ,NJ ,139900
520,07067, Colonia ,NJ ,380000
521,07052, WEST ORANGE ,NJ ,325000
522,08033, HADDONFIELD ,NJ ,250000
523,08527, JACKSON ,NJ ,178848
524,07304, Jersey City ,NJ ,289500
525,37725, Dandridge ,TN ,205000
527,37918, KNOXVILLE ,TN ,180000
528,37343, HIXSON ,TN ,199900
529,38139, GERMANTOWN ,TN ,350000
530,37042, CLARKSVILLE ,TN ,218000
531,37849, POWELL ,TN ,264900
532,37909, KNOXVILLE ,TN ,189000
533,37027, BRENTWOOD ,TN ,534900
534,38018, CORDOVA ,TN ,99900
535,37826, NIOTA ,TN ,239000
536,37075, HENDERSONVILLE ,TN ,199900
537,37218, NASHVILLE ,TN ,170000
538,37918, KNOXVILLE ,TN ,199900
539,37725, Dandridge ,TN ,269900
540,37405, CHATTANOOGA ,TN ,229900
541,37312, Cleveland ,TN ,169000
543,38028, Eads ,TN ,599900
544,38017, COLLIERVILLE ,TN ,360000
546,37205, NASHVILLE ,TN ,1825000
547,37209, Nashville ,TN ,219500
548,37043, Clarksville ,TN ,649900
549,37415, CHATTANOOGA ,TN ,250000
550,91364, Woodland Hills ,CA ,349000
551,95125, SAN JOSE ,CA ,779000
552,91331, Arleta ,CA ,369000
553,92584, MENIFEE ,CA ,320000
554,94702, BERKELEY ,CA ,625000
555,93535, LANCASTER ,CA ,299950
556,91302, Hidden Hills ,CA ,10500000
557,90265, MALIBU ,CA ,14250000
558,94558, NAPA ,CA ,529000
559,90250, HAWTHORNE ,CA ,575000
560,91730, RANCHO CUCAMONGA ,CA ,500000
561,90049, LOS ANGELES ,CA ,4499000
562,92780, TUSTIN ,CA ,675000
563,92037, LA JOLLA ,CA ,15995000
564,93030, Oxnard ,CA ,495000
565,92037, LA JOLLA ,CA ,9900000
566,94544, HAYWARD ,CA ,575000
567,91331, Los angeles ,CA ,399000
568,90069, Los Angeles ,CA ,25950000
569,95051, SANTA CLARA ,CA ,895000
570,90210, BEVERLY HILLS ,CA ,10995000
571,94538, FREMONT ,CA ,878000
572,94707, BERKELEY ,CA ,1610000
573,96161, Truckee ,CA ,549000
574,94553, Martinez ,CA ,420000
575,84102, Salt Lake City ,UT ,299900
576,84043, Lehi ,UT ,294500
577,84003, American Fork ,UT ,430000
578,84109, SALT LAKE CITY ,UT ,850000
579,84770, St George ,UT ,409900
580,84103, Salt Lake City ,UT ,1050000
581,84118, Salt Lake City ,UT ,235000
582,84095, SOUTH JORDAN ,UT ,359000
583,84404, OGDEN ,UT ,228000
584,84116, Salt Lake City ,UT ,55000
585,84092, Alta ,UT ,799000
586,84094, SANDY ,UT ,469000
587,84115, South Salt Lake ,UT ,289999
588,84317, Huntsville ,UT ,225000
589,84780, Washington ,UT ,799900
590,84116, Salt Lake City ,UT ,260000
591,84710, Alton ,UT ,65000
592,84770, St George ,UT ,375000
593,84108, SALT LAKE CITY ,UT ,1000000
594,84037, Kaysville ,UT ,488600
595,84044, MAGNA ,UT ,289000
596,84790, St George ,UT ,399000
597,84604, Provo ,UT ,188900
598,84663, Springville ,UT ,265000
599,84009, South Jordan ,UT ,375000
600,77385, CONROE ,TX ,219000
601,75007, Carrollton ,TX ,299900
602,76108, Fort Worth ,TX ,292600
603,75006, Carrollton ,TX ,309900
604,75062, IRVING ,TX ,199900
605,75074, PLANO ,TX ,305000
606,75070, MCKINNEY ,TX ,329900
607,78233, SAN ANTONIO ,TX ,158000
608,78233, San Antonio ,TX ,125000
609,75007, CARROLLTON ,TX ,254900
610,78248, SAN ANTONIO ,TX ,374500
611,76039, Euless ,TX ,190000
612,78725, Austin ,TX ,260000
613,78723, Austin ,TX ,529000
614,78255, San Antonio ,TX ,1300000
615,78201, San Antonio ,TX ,299000
616,77049, HOUSTON ,TX ,294900
617,79936, EL PASO ,TX ,134900
618,75050, GRAND PRAIRIE ,TX ,110000
619,75025, PLANO ,TX ,429900
620,76123, Fort Worth ,TX ,359900
621,78758, AUSTIN ,TX ,339000
622,75232, Dallas ,TX ,165000
623,75206, DALLAS ,TX ,749000
624,75208, DALLAS ,TX ,259000
625,07631, Englewood ,NJ ,449000
626,08003, Cherry Hill ,NJ ,299999
627,07704, Fair Haven ,NJ ,2499900
628,07405, Kinnelon ,NJ ,469900
629,07860, Newton ,NJ ,187000
630,07410, Fair Lawn ,NJ ,449999
631,08260, Wildwood ,NJ ,279900
632,07960, MORRISTOWN ,NJ ,815000
633,07106, Newark ,NJ ,45000
634,07042, MONTCLAIR ,NJ ,699000
635,08096, WOODBURY ,NJ ,99900
636,07675, River Vale ,NJ ,649000
637,07438, Oak Ridge ,NJ ,199900
638,07045, MONTVILLE ,NJ ,998000
639,07430, Mahwah ,NJ ,299000
640,07728, Freehold ,NJ ,430000
641,07039, Livingston ,NJ ,799000
642,08530, Lambertville ,NJ ,374900
643,07728, Freehold ,NJ ,519000
644,07016, CRANFORD ,NJ ,449500
645,07871, SPARTA ,NJ ,550000
646,07070, Rutherford ,NJ ,599980
647,07208, Elizabeth ,NJ ,350000
648,08723, BRICK ,NJ ,179000
649,07438, Oak Ridge ,NJ ,235000
650,37385, Tellico Plains ,TN ,299900
651,37918, KNOXVILLE ,TN ,187500
652,37013, ANTIOCH ,TN ,179900
653,37931, KNOXVILLE ,TN ,239900
654,37064, FRANKLIN ,TN ,394000
655,37075, HENDERSONVILLE ,TN ,300000
656,38355, Medina ,TN ,289900
657,37214, NASHVILLE ,TN ,349900
658,37075, HENDERSONVILLE ,TN ,250000
659,37211, NASHVILLE ,TN ,229000
660,37214, NASHVILLE ,TN ,249900
661,37922, KNOXVILLE ,TN ,549000
662,37415, CHATTANOOGA ,TN ,340000
663,38242, Paris ,TN ,135000
664,37708, Bean Station ,TN ,254900
665,37917, KNOXVILLE ,TN ,149900
666,37922, KNOXVILLE ,TN ,230000
667,37912, KNOXVILLE ,TN ,325000
668,37040, CLARKSVILLE ,TN ,155000
669,37167, Smyrna ,TN ,389900
670,38016, CORDOVA ,TN ,269900
671,37404, CHATTANOOGA ,TN ,377000
672,37363, OOLTEWAH ,TN ,277000
673,37866, Sharps Chapel ,TN ,239900
674,38049, Mason ,TN ,210000
675,94553, Martinez ,CA ,420000
676,90042, LOS ANGELES ,CA ,829000
677,94533, Fairfield ,CA ,380000
678,90265, MALIBU ,CA ,22900000
679,92646, HUNTINGTON BEACH ,CA ,719900
680,95758, Elk Grove ,CA ,439900
681,95667, PLACERVILLE ,CA ,359000
682,92883, Corona ,CA ,495000
683,94705, BERKELEY ,CA ,1395000
684,92657, NEWPORT COAST ,CA ,19950000
685,93702, Fresno ,CA ,224900
686,90303, INGLEWOOD ,CA ,609000
687,90503, Torrance ,CA ,719000
688,94127, SAN FRANCISCO ,CA ,2195000
689,95125, San Jose ,CA ,205000
690,90049, LOS ANGELES ,CA ,27000000
691,91316, ENCINO ,CA ,2688000
692,91301, Calabasas ,CA ,949000
693,90210, BEVERLY HILLS ,CA ,15900000
694,95758, ELK GROVE ,CA ,399000
695,92122, SAN DIEGO ,CA ,350000
696,95110, SAN JOSE ,CA ,699888
697,95350, MODESTO ,CA ,239999
698,95758, ELK GROVE ,CA ,350000
699,94014, Daly City ,CA ,379900
700,84057, Orem ,UT ,229900
701,84094, Sandy ,UT ,194900
702,84604, Provo ,UT ,319900
703,84010, BOUNTIFUL ,UT ,310000
704,84041, LAYTON ,UT ,249000
705,84096, HERRIMAN ,UT ,367000
706,84721, CEDAR CITY ,UT ,205000
707,84107, Murray ,UT ,126900
708,84532, Moab ,UT ,3450000
709,84116, SALT LAKE CITY ,UT ,279900
710,84532, Moab ,UT ,219000
712,84103, SALT LAKE CITY ,UT ,3200000
713,84093, Sandy ,UT ,435000
714,84015, CLEARFIELD ,UT ,200000
715,84121, Holladay ,UT ,6990000
716,84601, Provo ,UT ,299900
717,84096, Herriman ,UT ,340000
718,84036, Woodland ,UT ,19900000
719,84032, Heber City ,UT ,400000
720,84106, SALT LAKE CITY ,UT ,379900
721,84074, Tooele ,UT ,275000
722,84060, Park City ,UT ,6725000
723,84105, Salt Lake City ,UT ,825000
724,84119, West Valley City ,UT ,250000
725,77345, KINGWOOD ,TX ,468900
726,78624, Fredericksburg ,TX ,19995000
727,78660, PFLUGERVILLE ,TX ,297500
728,75243, Dallas ,TX ,320000
729,75219, Dallas ,TX ,299900
730,76244, Fort Worth ,TX ,289000
731,75209, Dallas ,TX ,6250000
732,78758, AUSTIN ,TX ,205000
733,75228, DALLAS ,TX ,235000
734,75215, Dallas ,TX ,174999
735,78101, Adkins ,TX ,119000
736,78734, AUSTIN ,TX ,9500000
737,78737, Austin ,TX ,406990
738,78729, AUSTIN ,TX ,299000
739,75080, RICHARDSON ,TX ,250000
740,78023, HELOTES ,TX ,279995
741,77302, CONROE ,TX ,200000
742,79930, EL PASO ,TX ,97000
743,76133, Fort Worth ,TX ,189900
744,78224, SAN ANTONIO ,TX ,138000
745,75706, Tyler ,TX ,149500
746,75701, TYLER ,TX ,129000
747,77049, HOUSTON ,TX ,999000
748,75043, GARLAND ,TX ,195000
749,77028, Houston ,TX ,170000
750,07704, FAIR HAVEN ,NJ ,819900
751,07032, Kearny ,NJ ,250000
752,08021, Blackwood ,NJ ,169900
753,07480, WEST MILFORD ,NJ ,124900
754,07702, Shrewsbury ,NJ ,476000
755,08876, Somerville ,NJ ,199900
756,07480, WEST MILFORD ,NJ ,319900
757,07052, WEST ORANGE ,NJ ,499000
758,07410, Fair Lawn ,NJ ,409000
759,07013, Clifton ,NJ ,252900
760,07066, Clark ,NJ ,524999
761,07452, GLEN ROCK ,NJ ,575000
762,08817, Edison ,NJ ,425000
763,08831, Monroe Township ,NJ ,499000
764,07901, Summit ,NJ ,945000
765,07036, Linden ,NJ ,299000
766,08886, STEWARTSVILLE ,NJ ,49900
767,07920, BASKING RIDGE ,NJ ,799000
768,08857, Old Bridge ,NJ ,600000
769,07731, Howell ,NJ ,389900
770,07728, Freehold ,NJ ,569000
771,07036, Linden ,NJ ,214500
772,08055, MEDFORD ,NJ ,299000
773,07470, Wayne ,NJ ,564000
774,07863, OXFORD ,NJ ,350000
775,37354, Madisonville ,TN ,8500
776,37214, Nashville ,TN ,390000
777,37308, BIRCHWOOD ,TN ,189500
778,37076, HERMITAGE ,TN ,235000
779,37882, Townsend ,TN ,215000
780,37918, KNOXVILLE ,TN ,224900
781,37067, FRANKLIN ,TN ,675000
782,37411, Chattanooga ,TN ,162500
783,37215, Nashville ,TN ,975000
784,37803, Maryville ,TN ,350000
785,37363, OOLTEWAH ,TN ,448000
786,37890, White Pine ,TN ,299900
787,37803, Maryville ,TN ,44900
788,37924, KNOXVILLE ,TN ,269000
789,37716, Clinton ,TN ,349900
790,38115, MEMPHIS ,TN ,185000
791,37615, Gray ,TN ,170000
792,37604, Johnson City ,TN ,169900
793,37027, BRENTWOOD ,TN ,639000
794,37876, Sevierville ,TN ,49000
795,37208, NASHVILLE ,TN ,354900
796,38016, CORDOVA ,TN ,185000
797,38018, Cordova ,TN ,174500
798,37863, Pigeon Forge ,TN ,339900
799,37027, Brentwood ,TN ,629900
800,95678, Roseville ,CA ,274999
801,90046, LOS ANGELES ,CA ,6500000
802,95816, SACRAMENTO ,CA ,500000
803,91105, PASADENA ,CA ,1175000
804,90265, MALIBU ,CA ,8795000
805,94513, BRENTWOOD ,CA ,588888
806,90210, BEVERLY HILLS ,CA ,18000000
807,94109, SAN FRANCISCO ,CA ,10950000
808,95355, Modesto ,CA ,119950
809,90638, LA MIRADA ,CA ,511000
810,90068, LOS ANGELES ,CA ,3500000
811,95125, SAN JOSE ,CA ,1399000
812,92139, SAN DIEGO ,CA ,350000
813,90605, WHITTIER ,CA ,469990
814,95030, LOS GATOS ,CA ,15950000
815,90210, BEVERLY HILLS ,CA ,6095000
816,94520, Concord ,CA ,419950
817,94549, Lafayette ,CA ,1100000
818,90069, Los Angeles ,CA ,4699000
819,92629, Dana Point ,CA ,350000
820,91344, GRANADA HILLS ,CA ,578800
821,90605, WHITTIER ,CA ,569900
822,92660, NEWPORT BEACH ,CA ,3998000
823,92114, San Diego ,CA ,499000
824,92592, TEMECULA ,CA ,395000
825,84107, Murray ,UT ,86900
826,84414, North Ogden ,UT ,430000
827,84770, St George ,UT ,224000
828,84109, SALT LAKE CITY ,UT ,1550000
829,84003, Highland ,UT ,500000
830,84098, Park City ,UT ,16900000
831,84094, SANDY ,UT ,310000
832,84040, LAYTON ,UT ,289900
833,84104, SALT LAKE CITY ,UT ,240000
834,84005, Eagle Mountain ,UT ,259900
835,84005, Eagle Mountain ,UT ,275000
836,84058, Orem ,UT ,269900
837,84032, Heber City ,UT ,385000
838,84057, Orem ,UT ,250000
839,84043, Lehi ,UT ,399000
840,84403, OGDEN ,UT ,259000
841,84780, Washington ,UT ,315000
842,84735, Hatch ,UT ,395000
843,84092, Sandy ,UT ,599000
844,84096, Herriman ,UT ,508900
845,84043, Lehi ,UT ,294900
846,84103, SALT LAKE CITY ,UT ,550000
847,84120, WEST VALLEY CITY ,UT ,290000
848,84720, Cedar City ,UT ,185000
849,84414, North Ogden ,UT ,289000
850,76712, WOODWAY ,TX ,269900
851,75035, FRISCO ,TX ,289900
852,76708, WACO ,TX ,264500
853,75208, DALLAS ,TX ,315000
854,78261, San Antonio ,TX ,375000
855,78255, San Antonio ,TX ,149950
856,76002, Arlington ,TX ,165000
857,75025, PLANO ,TX ,279900
858,77083, HOUSTON ,TX ,120000
859,75115, Desoto ,TX ,249000
860,78258, San Antonio ,TX ,269999
861,76018, Arlington ,TX ,185000
862,78727, Austin ,TX ,250000
863,77049, Houston ,TX ,180000
864,75062, IRVING ,TX ,197900
865,75205, DALLAS ,TX ,12950000
866,77554, GALVESTON ,TX ,199500
867,75025, PLANO ,TX ,300000
868,76244, Fort Worth ,TX ,248900
869,78746, AUSTIN ,TX ,10000000
870,76063, Mansfield ,TX ,225000
871,79763, Odessa ,TX ,130000
872,76137, Fort Worth ,TX ,297500
873,75062, Irving ,TX ,163900
874,75025, PLANO ,TX ,275000
875,07748, North Middletown ,NJ ,389000
876,07621, BERGENFIELD ,NJ ,184000
877,07305, Jersey City ,NJ ,90000
878,08061, MOUNT ROYAL ,NJ ,149900
879,07753, Neptune ,NJ ,339900
880,07874, STANHOPE ,NJ ,109900
881,08844, Hillsborough ,NJ ,550000
882,07036, LINDEN ,NJ ,179900
883,08053, MARLTON ,NJ ,379900
884,07028, GLEN RIDGE ,NJ ,565000
885,07748, MIDDLETOWN ,NJ ,559000
886,07621, BERGENFIELD ,NJ ,199000
887,07728, FREEHOLD ,NJ ,309000
888,07726, ENGLISHTOWN ,NJ ,269000
889,07930, CHESTER ,NJ ,650000
890,08081, Sicklerville ,NJ ,189900
891,08002, Cherry Hill ,NJ ,250000
892,07666, TEANECK ,NJ ,399500
893,08724, BRICK ,NJ ,419900
894,07462, VERNON ,NJ ,177900
895,08558, Skillman ,NJ ,299
896,08837, Edison ,NJ ,139000
897,08052, MAPLE SHADE ,NJ ,175000
898,07417, FRANKLIN LAKES ,NJ ,798000
899,07079, SOUTH ORANGE ,NJ ,625000
900,37209, NASHVILLE ,TN ,299000
901,37215, NASHVILLE ,TN ,2195000
902,38135, MEMPHIS ,TN ,170000
903,37863, Sevierville ,TN ,149900
904,37115, MADISON ,TN ,679000
905,38117, MEMPHIS ,TN ,139900
906,37122, Mount Juliet ,TN ,244900
907,37801, Maryville ,TN ,274900
908,37932, Knoxville ,TN ,324900
909,37620, Bristol ,TN ,159985
910,37205, NASHVILLE ,TN ,424900
911,37367, Pikeville ,TN ,379000
912,37721, CORRYTON ,TN ,184
913,37716, Clinton ,TN ,174000
914,37921, KNOXVILLE ,TN ,184900
915,37738, Gatlinburg ,TN ,349900
916,37932, Knoxville ,TN ,250000
917,37415, CHATTANOOGA ,TN ,105000
918,38120, MEMPHIS ,TN ,349900
919,37876, Sevierville ,TN ,139900
920,37128, Murfreesboro ,TN ,299900
921,37064, Franklin ,TN ,985000
922,37167, SMYRNA ,TN ,199900
923,37013, ANTIOCH ,TN ,365000
924,38117, MEMPHIS ,TN ,3800000
925,94708, BERKELEY ,CA ,899000
926,91335, RESEDA ,CA ,549000
927,94114, SAN FRANCISCO ,CA ,3395000
928,90604, WHITTIER ,CA ,558000
929,91007, ARCADIA ,CA ,269000
930,94707, BERKELEY ,CA ,3695000
931,90046, West Hollywood ,CA ,598000
932,95831, SACRAMENTO ,CA ,360000
933,91604, Los angeles ,CA ,550000
934,92804, ANAHEIM ,CA ,454900
935,91602, Los Angeles ,CA ,789000
936,92629, Dana Point ,CA ,36000000
937,94952, Petaluma ,CA ,889000
938,92037, LA JOLLA ,CA ,6480000
939,95111, SAN JOSE ,CA ,600000
940,91436, ENCINO ,CA ,2875000
941,94954, Petaluma ,CA ,595950
942,94561, OAKLEY ,CA ,399000
943,96087, Shasta ,CA ,139950
944,94546, CASTRO VALLEY ,CA ,919950
945,94550, LIVERMORE ,CA ,975000
946,90265, MALIBU ,CA ,7495000
947,92252, Joshua Tree ,CA ,120000
948,94952, Petaluma ,CA ,850000
949,92563, MURRIETA ,CA ,431900
950,84105, SALT LAKE CITY ,UT ,444900
951,84601, Provo ,UT ,199900
952,84070, SANDY ,UT ,275000
953,84302, BRIGHAM CITY ,UT ,265000
954,84020, DRAPER ,UT ,399999
955,84116, SALT LAKE CITY ,UT ,399000
956,84005, Eagle Mountain ,UT ,275000
957,84116, Salt Lake City ,UT ,55000
958,84108, SALT LAKE CITY ,UT ,289900
959,84093, SANDY ,UT ,524900
960,84790, St George ,UT ,750000
961,84737, Hurricane ,UT ,3200000
962,84109, Millcreek ,UT ,230000
963,84120, West Valley City ,UT ,270000
964,84339, Wellsville ,UT ,249000
965,84102, SALT LAKE CITY ,UT ,229000
966,84117, Holladay ,UT ,549000
967,84101, Salt Lake City ,UT ,350000
968,84606, Provo ,UT ,289900
969,84074, TOOELE ,UT ,135000
970,84054, North Salt Lake ,UT ,37000
971,84108, Salt Lake City ,UT ,499000
972,84010, BOUNTIFUL ,UT ,320000
973,84025, Farmington ,UT ,527000
974,84770, St George ,UT ,194900
975,75035, FRISCO ,TX ,399000
976,75032, ROCKWALL ,TX ,190999
977,78704, Austin ,TX ,775000
978,79938, EL PASO ,TX ,295000
979,77573, LEAGUE CITY ,TX ,105000
980,75023, Plano ,TX ,230000
981,76710, WACO ,TX ,425000
982,78253, San Antonio ,TX ,265000
983,75189, ROYSE CITY ,TX ,299750
984,77095, HOUSTON ,TX ,249900
985,76039, Euless ,TX ,249900
986,75078, Prosper ,TX ,395000
987,75150, Mesquite ,TX ,179900
988,77345, KINGWOOD ,TX ,280000
989,76001, Arlington ,TX ,299900
990,76110, Fort Worth ,TX ,384900
991,75080, RICHARDSON ,TX ,350000
992,75227, DALLAS ,TX ,136500
993,78745, Austin ,TX ,275000
994,79907, EL PASO ,TX ,60000
995,79606, ABILENE ,TX ,189900
996,76244, Fort Worth ,TX ,299900
997,78730, AUSTIN ,TX ,995000
998,78732, AUSTIN ,TX ,2300000
999,78245, SAN ANTONIO ,TX ,158000
1000,07728, FREEHOLD ,NJ ,599900
1001,07731, Howell ,NJ ,344900
1002,07047, NORTH BERGEN ,NJ ,190000
1003,07446, RAMSEY ,NJ ,799000
1004,08837, EDISON ,NJ ,499900
1005,07748, Middletown ,NJ ,825000
1006,07062, Plainfield ,NJ ,220000
1007,07869, RANDOLPH ,NJ ,349900
1008,08723, Brick ,NJ ,299000
1009,07727, Wall Township ,NJ ,675000
1010,07079, SOUTH ORANGE ,NJ ,675000
1011,07058, Pine Brook ,NJ ,449900
1012,08724, BRICK ,NJ ,268000
1013,08092, West Creek ,NJ ,212000
1014,07442, Pompton Lakes ,NJ ,199000
1015,07040, Maplewood ,NJ ,589000
1016,07065, Rahway ,NJ ,389900
1017,07018, East Orange ,NJ ,99000
1018,08816, East Brunswick ,NJ ,349900
1019,08816, EAST BRUNSWICK ,NJ ,399900
1020,07042, Montclair ,NJ ,299000
1021,08724, Brick ,NJ ,140000
1022,08852, Monmouth Junction ,NJ ,309000
1023,07722, COLTS NECK ,NJ ,775000
1024,07728, Freehold ,NJ ,149000
1025,37130, MURFREESBORO ,TN ,168000
1026,37863, Pigeon Forge ,TN ,249900
1027,37397, Whitwell ,TN ,374900
1028,37179, THOMPSONS STATION ,TN ,275000
1029,38139, Germantown ,TN ,624900
1030,37027, BRENTWOOD ,TN ,595000
1031,37659, Jonesborough ,TN ,179000
1032,38305, Jackson ,TN ,150000
1033,37064, Franklin ,TN ,7500000
1034,37040, CLARKSVILLE ,TN ,239900
1035,37064, FRANKLIN ,TN ,549900
1036,37075, HENDERSONVILLE ,TN ,251900
1037,37643, Elizabethton ,TN ,149900
1038,37854, Rockwood ,TN ,39900
1039,37918, KNOXVILLE ,TN ,150000
1040,37148, PORTLAND ,TN ,149900
1041,37726, Deer Lodge ,TN ,44900
1042,37363, Ooltewah ,TN ,329900
1043,37042, CLARKSVILLE ,TN ,191500
1044,37643, Elizabethton ,TN ,179000
1045,37069, FRANKLIN ,TN ,479000
1046,38574, Monterey ,TN ,175000
1047,37919, KNOXVILLE ,TN ,274300
1048,37215, Nashville ,TN ,1650000
1049,37771, Lenoir City ,TN ,240000
1050,96161, Truckee ,CA ,799000
1051,94605, OAKLAND ,CA ,589000
1052,95350, MODESTO ,CA ,329900
1053,90069, Los Angeles ,CA ,12850000
1054,95018, Felton ,CA ,599000
1055,90621, BUENA PARK ,CA ,549000
1056,92805, Anaheim ,CA ,319000
1057,92057, OCEANSIDE ,CA ,470000
1058,91331, Arleta ,CA ,465000
1059,92139, SAN DIEGO ,CA ,375000
1060,94134, SAN FRANCISCO ,CA ,799000
1061,92591, TEMECULA ,CA ,449900
1062,92503, Riverside ,CA ,445000
1063,92011, Carlsbad ,CA ,425000
1064,93309, Bakersfield ,CA ,244000
1065,91911, Chula Vista ,CA ,189900
1066,92394, VICTORVILLE ,CA ,224900
1067,91356, Los angeles ,CA ,299900
1068,91361, Thousand oaks ,CA ,17500000
1069,94619, OAKLAND ,CA ,799000
1070,94564, PINOLE ,CA ,450000
1071,95758, ELK GROVE ,CA ,375000
1072,91350, SANTA CLARITA ,CA ,444900
1073,94951, Penngrove ,CA ,358000
1074,95817, SACRAMENTO ,CA ,430000
1075,84405, Washington Terrace ,UT ,269900
1076,84098, Park City ,UT ,990000
1077,84020, DRAPER ,UT ,519900
1078,84094, SANDY ,UT ,320000
1079,84720, Cedar City ,UT ,319900
1080,84404, Harrisville ,UT ,299900
1081,84044, MAGNA ,UT ,265000
1082,84720, Cedar City ,UT ,695000
1083,84117, Holladay ,UT ,6900000
1084,84604, Provo ,UT ,875000
1085,84606, Provo ,UT ,359900
1086,84119, West Valley City ,UT ,265200
1087,84790, St George ,UT ,409900
1088,84403, Ogden ,UT ,161000
1089,84098, Park City ,UT ,975000
1090,84032, Heber City ,UT ,699000
1091,84106, SALT LAKE CITY ,UT ,285000
1092,84015, CLEARFIELD ,UT ,184900
1093,84044, Magna ,UT ,354987
1094,84780, Washington ,UT ,324900
1096,84414, North Ogden ,UT ,269900
1097,84040, LAYTON ,UT ,260000
1098,84124, Holladay ,UT ,499900
1099,84015, CLEARFIELD ,UT ,195000
1100,77051, Houston ,TX ,229990
1101,78260, SAN ANTONIO ,TX ,359900
1102,75220, Dallas ,TX ,87000
1103,78732, AUSTIN ,TX ,474000
1104,79424, LUBBOCK ,TX ,247500
1105,76112, Fort Worth ,TX ,157000
1106,75077, LEWISVILLE ,TX ,242500
1107,75230, Dallas ,TX ,217500
1108,75167, WAXAHACHIE ,TX ,285000
1109,75028, FLOWER MOUND ,TX ,245000
1110,78730, AUSTIN ,TX ,1389000
1111,75773, Mineola ,TX ,529316
1112,78258, San Antonio ,TX ,399500
1113,78626, Georgetown ,TX ,244900
1114,78245, SAN ANTONIO ,TX ,175995
1115,75043, Garland ,TX ,220000
1116,75074, PLANO ,TX ,250000
1117,75080, RICHARDSON ,TX ,265000
1118,76049, GRANBURY ,TX ,296000
1119,76036, Crowley ,TX ,299000
1120,76132, FORT WORTH ,TX ,265000
1121,78722, Austin ,TX ,399900
1122,75249, Dallas ,TX ,268214
1123,78748, AUSTIN ,TX ,265000
1124,75050, GRAND PRAIRIE ,TX ,265000
1125,07733, Holmdel ,NJ ,750000
1126,07450, Ridgewood ,NJ ,665000
1127,08527, Jackson ,NJ ,110000
1128,07860, Fredon ,NJ ,45000
1129,08226, Ocean City ,NJ ,714900
1130,08527, Jackson ,NJ ,418000
1131,07079, South Orange ,NJ ,2150000
1132,07922, BERKELEY HEIGHTS ,NJ ,560000
1133,07430, Mahwah ,NJ ,239000
1134,07930, CHESTER ,NJ ,439000
1135,07481, WYCKOFF ,NJ ,617000
1136,07470, Wayne ,NJ ,672000
1137,07083, UNION ,NJ ,490000
1138,07928, Chatham ,NJ ,739900
1139,07059, WARREN ,NJ ,965000
1140,07077, Sewaren ,NJ ,299900
1141,07042, MONTCLAIR ,NJ ,3350000
1142,08817, Edison ,NJ ,599000
1143,07050, ORANGE ,NJ ,349500
1144,07726, MANALAPAN ,NJ ,475000
1145,08857, Old Bridge ,NJ ,279000
1146,07748, MIDDLETOWN ,NJ ,350000
1147,07003, BLOOMFIELD ,NJ ,350000
1148,07430, MAHWAH ,NJ ,4999000
1149,07013, CLIFTON ,NJ ,364900
1150,37128, MURFREESBORO ,TN ,324900
1151,37215, NASHVILLE ,TN ,625000
1152,37708, Bean Station ,TN ,169000
1154,37409, Chattanooga ,TN ,329000
1155,37660, Kingsport ,TN ,259900
1156,37922, KNOXVILLE ,TN ,244900
1157,37206, Nashville ,TN ,310000
1158,37064, Franklin ,TN ,429900
1159,37220, Nashville ,TN ,2100000
1160,37129, MURFREESBORO ,TN ,359900
1161,37043, CLARKSVILLE ,TN ,140000
1162,37412, CHATTANOOGA ,TN ,85000
1163,37027, BRENTWOOD ,TN ,689900
1164,37080, Joelton ,TN ,90000
1165,37027, BRENTWOOD ,TN ,1275000
1166,37938, KNOXVILLE ,TN ,229900
1167,37221, NASHVILLE ,TN ,374900
1168,37415, CHATTANOOGA ,TN ,249000
1169,37604, Johnson City ,TN ,199900
1170,38122, MEMPHIS ,TN ,19900
1171,38138, GERMANTOWN ,TN ,359900
1172,37601, Johnson City ,TN ,139900
1173,37421, CHATTANOOGA ,TN ,258000
1174,37363, OOLTEWAH ,TN ,379700
1175,90210, BEVERLY HILLS ,CA ,12500000
1176,95605, WEST SACRAMENTO ,CA ,299900
1177,94708, BERKELEY ,CA ,950000
1178,90210, Beverly Hills ,CA ,150000000
1179,95401, Santa Rosa ,CA ,385000
1180,94608, Oakland ,CA ,649000
1181,94115, SAN FRANCISCO ,CA ,1475000
1182,92106, SAN DIEGO ,CA ,1595000
1183,92154, San Diego ,CA ,469800
1184,94109, San Francisco ,CA ,695000
1185,92705, Santa Ana ,CA ,314900
1186,90049, LOS ANGELES ,CA ,37500000
1187,90210, BEVERLY HILLS ,CA ,17995000
1188,94598, WALNUT CREEK ,CA ,895000
1189,93311, Bakersfield ,CA ,345000
1190,95966, Oroville ,CA ,359000
1191,92405, SAN BERNARDINO ,CA ,270000
1192,92129, SAN DIEGO ,CA ,829999
1193,95376, TRACY ,CA ,433000
1194,94601, OAKLAND ,CA ,599000
1195,95330, LATHROP ,CA ,399900
1196,90047, LOS ANGELES ,CA ,485000
1197,90813, LONG BEACH ,CA ,599900
1198,93940, Monterey ,CA ,740000
1199,90701, Artesia ,CA ,184888
1200,84119, WEST VALLEY CITY ,UT ,175000
1201,84103, SALT LAKE CITY ,UT ,799000
1202,84040, LAYTON ,UT ,380000
1203,84123, Taylorsville ,UT ,264900
1204,84116, SALT LAKE CITY ,UT ,245000
1205,84102, Salt Lake City ,UT ,399900
1206,84104, Salt Lake City ,UT ,190000
1207,84321, Logan ,UT ,249900
1208,84057, Orem ,UT ,290000
1209,84047, MIDVALE ,UT ,159500
1210,84116, SALT LAKE CITY ,UT ,209900
1211,84043, Lehi ,UT ,458000
1212,84094, SANDY ,UT ,260000
1213,84094, Sandy ,UT ,310000
1214,84403, South Ogden ,UT ,117000
1215,84790, St George ,UT ,321900
1216,84780, Washington ,UT ,1094900
1217,84065, Riverton ,UT ,329900
1218,84020, Draper ,UT ,725000
1219,84780, Washington ,UT ,325000
1220,84060, Park City ,UT ,6050000
1221,84770, St George ,UT ,187000
1222,84626, Elberta ,UT ,18000
1223,84604, Provo ,UT ,399800
1224,84015, West Point ,UT ,399900
1225,75214, DALLAS ,TX ,495000
1226,75087, ROCKWALL ,TX ,209900
1227,78620, DRIPPING SPRINGS ,TX ,699500
1228,75070, MCKINNEY ,TX ,287000
1229,76636, Covington ,TX ,274900
1230,75093, PLANO ,TX ,5999000
1231,78201, San Antonio ,TX ,174000
1232,77373, SPRING ,TX ,159900
1233,75243, DALLAS ,TX ,300000
1234,77072, Houston ,TX ,67500
1235,78747, AUSTIN ,TX ,220000
1236,77033, Houston ,TX ,169999
1237,78664, ROUND ROCK ,TX ,169900
1238,75022, Flower Mound ,TX ,9900000
1239,77494, Katy ,TX ,299990
1240,76116, Fort Worth ,TX ,239000
1241,75088, ROWLETT ,TX ,249900
1242,77550, Galveston ,TX ,289000
1243,78704, AUSTIN ,TX ,849000
1244,77084, HOUSTON ,TX ,185000
1245,75043, GARLAND ,TX ,485000
1246,78245, SAN ANTONIO ,TX ,200000
1247,78211, SAN ANTONIO ,TX ,130000
1248,78754, Austin ,TX ,295000
1249,78006, BOERNE ,TX ,5950000
1250,07601, Hackensack ,NJ ,199000
1251,07620, ALPINE ,NJ ,17999999
1252,07202, Elizabeth ,NJ ,199000
1253,07024, Fort Lee ,NJ ,295000
1254,08753, TOMS RIVER ,NJ ,249900
1255,07760, RUMSON ,NJ ,11750000
1256,08724, Brick ,NJ ,174000
1257,07208, Elizabeth ,NJ ,170000
1258,07871, SPARTA ,NJ ,250000
1259,07604, HASBROUCK HEIGHTS ,NJ ,299900
1260,08096, Woodbury ,NJ ,69900
1261,08736, MANASQUAN ,NJ ,459000
1262,07730, Hazlet ,NJ ,165000
1263,07028, Glen Ridge ,NJ ,499000
1264,08854, Piscataway ,NJ ,213750
1265,08872, SAYREVILLE ,NJ ,100000
1266,07108, NEWARK ,NJ ,135000
1267,08066, PAULSBORO ,NJ ,89440
1268,07430, MAHWAH ,NJ ,29500000
1269,07042, Montclair ,NJ ,765000
1270,08360, Vineland ,NJ ,15600
1271,07043, MONTCLAIR ,NJ ,569000
1272,08854, PISCATAWAY ,NJ ,219900
1273,08094, Williamstown ,NJ ,299900
1274,07450, Ridgewood ,NJ ,538000
1275,37205, NASHVILLE ,TN ,17999999
1276,38478, Pulaski ,TN ,199900
1277,37069, FRANKLIN ,TN ,17900000
1278,37208, NASHVILLE ,TN ,185000
1279,37919, Knoxville ,TN ,14995000
1280,37034, CHAPEL HILL ,TN ,1
1281,37076, Hermitage ,TN ,699000
1282,37918, KNOXVILLE ,TN ,33000
1283,37876, Sevierville ,TN ,125000
1284,37215, NASHVILLE ,TN ,3249000
1285,37214, Nashville ,TN ,180000
1286,38018, CORDOVA ,TN ,99999
1287,38558, Crossville ,TN ,89900
1288,37909, KNOXVILLE ,TN ,240000
1289,37342, Hillsboro ,TN ,1
1290,38320, Camden ,TN ,89900
1291,37072, GOODLETTSVILLE ,TN ,269900
1292,38107, Memphis ,TN ,135000
1293,37218, NASHVILLE ,TN ,200000
1294,37215, NASHVILLE ,TN ,7800000
1295,37722, Cosby ,TN ,139000
1296,37920, Knoxville ,TN ,8400000
1297,37932, KNOXVILLE ,TN ,189900
1298,37214, Nashville ,TN ,221500
1299,37421, CHATTANOOGA ,TN ,219900
1300,90077, LOS ANGELES ,CA ,150000000
1301,90210, BEVERLY HILLS ,CA ,165000000
1302,90077, LOS ANGELES ,CA ,88000000
1303,91436, ENCINO ,CA ,7795000
1304,90210, BEVERLY HILLS ,CA ,135000000
1305,90210, BEVERLY HILLS ,CA ,129000000
1306,90077, Los Angeles ,CA ,100000000
1307,90210, BEVERLY HILLS ,CA ,68000000
1308,90077, Los Angeles ,CA ,49900000
1309,90049, Los Angeles ,CA ,48000000
1310,92037, LA JOLLA ,CA ,30000000
1311,90049, Los Angeles ,CA ,56000000
1312,91362, Westlake Village ,CA ,85000000
1313,94123, San Francisco ,CA ,29000000
1314,90210, Beverly Hills ,CA ,125000000
1315,91302, Hidden Hills ,CA ,25000000
1316,90077, Los angeles ,CA ,59995000
1317,90210, BEVERLY HILLS ,CA ,36500000
1318,93441, Los Olivos ,CA ,31000000
1319,90210, Beverly Hills ,CA ,72000000
1320,90069, Los Angeles ,CA ,48000000
1321,90210, BEVERLY HILLS ,CA ,38750000
1322,90265, MALIBU ,CA ,62000000
1323,94105, SAN FRANCISCO ,CA ,422150
1324,91436, ENCINO ,CA ,11999000
1325,84078, Vernal ,UT ,104000
1326,84060, Park City ,UT ,14000000
1327,84060, Park City ,UT ,14950000
1328,84062, Pleasant Grove ,UT ,320000
1329,84102, Salt Lake City ,UT ,339000
1330,84121, Holladay ,UT ,5995000
1331,84104, SALT LAKE CITY ,UT ,255000
1332,84109, Slc ,UT ,230000
1333,84054, NORTH SALT LAKE ,UT ,499000
1334,84106, SALT LAKE CITY ,UT ,299900
1335,84105, Salt Lake City ,UT ,599900
1336,84103, SALT LAKE CITY ,UT ,7100000
1337,84107, Murray ,UT ,138900
1338,84101, SALT LAKE CITY ,UT ,235000
1339,84098, Park City ,UT ,8650000
1340,84770, St George ,UT ,327900
1341,84790, St George ,UT ,379000
1342,84060, Park City ,UT ,14000000
1343,84060, Park City ,UT ,17900000
1344,84109, SALT LAKE CITY ,UT ,400000
1345,84105, SALT LAKE CITY ,UT ,395000
1346,84103, Salt Lake City ,UT ,3380000
1347,84401, Ogden ,UT ,242900
1348,84060, Park City ,UT ,12900000
1349,84043, Lehi ,UT ,249900
1350,75229, Dallas ,TX ,29500000
1351,77024, HOUSTON ,TX ,29999999
1352,78596, Weslaco ,TX ,150000
1353,75229, DALLAS ,TX ,23000000
1354,76133, Fort Worth ,TX ,305000
1355,77019, HOUSTON ,TX ,20000000
1356,75215, Dallas ,TX ,300000
1357,76040, Euless ,TX ,128500
1358,78244, SAN ANTONIO ,TX ,173900
1359,75022, Flower Mound ,TX ,12000000
1360,78257, SAN ANTONIO ,TX ,9500000
1361,77044, HOUSTON ,TX ,275000
1362,78249, SAN ANTONIO ,TX ,327000
1363,75287, DALLAS ,TX ,242500
1364,75220, Dallas ,TX ,90000
1366,75209, DALLAS ,TX ,8995000
1367,76137, Fort Worth ,TX ,190000
1368,76040, Euless ,TX ,169000
1369,78257, San Antonio ,TX ,60000000
1370,76542, Killeen ,TX ,122000
1371,76126, Fort Worth ,TX ,7000000
1372,77365, PORTER ,TX ,129900
1373,78746, AUSTIN ,TX ,9450000
1374,76018, Arlington ,TX ,152000
1375,08835, Manville ,NJ ,219900
1376,07740, LONG BRANCH ,NJ ,179000
1377,07003, Bloomfield ,NJ ,479000
1378,08736, MANASQUAN ,NJ ,1392000
1379,07042, Montclair ,NJ ,550000
1380,07039, Livingston ,NJ ,585000
1381,07601, Hackensack ,NJ ,210000
1382,07044, Verona ,NJ ,399000
1383,07403, BLOOMINGDALE ,NJ ,330000
1384,07080, South Plainfield ,NJ ,359900
1385,08724, BRICK ,NJ ,299900
1386,07052, West Orange ,NJ ,399000
1387,08822, Flemington ,NJ ,539900
1388,07304, Jersey City ,NJ ,775000
1389,08021, Pine Hill ,NJ ,84900
1390,07010, Cliffside Park ,NJ ,1499000
1391,08825, FRENCHTOWN ,NJ ,304900
1392,08859, PARLIN ,NJ ,329999
1393,07866, Rockaway ,NJ ,399000
1394,07731, Howell ,NJ ,359000
1395,08755, Toms River ,NJ ,235000
1396,07628, Dumont ,NJ ,389900
1397,07040, Maplewood ,NJ ,519000
1398,08742, Point Pleasant Boro ,NJ ,449000
1399,08527, Jackson ,NJ ,450000
1400,37067, FRANKLIN ,TN ,499000
1401,37604, Johnson City ,TN ,199900
1402,37013, ANTIOCH ,TN ,199900
1403,38122, MEMPHIS ,TN ,200990
1404,37738, Gatlinburg ,TN ,180000
1405,37876, Sevierville ,TN ,179900
1406,37931, Knoxville ,TN ,292900
1407,37027, BRENTWOOD ,TN ,459900
1408,37032, Cedar Hill ,TN ,265000
1409,38556, Jamestown ,TN ,149000
1410,37918, Knoxville ,TN ,229019
1411,37064, Franklin ,TN ,234900
1412,37064, FRANKLIN ,TN ,615000
1413,37363, Ooltewah ,TN ,229900
1414,37687, Roan Mountain ,TN ,219999
1415,37379, Soddy Daisy ,TN ,149900
1416,38017, Collierville ,TN ,359900
1417,37027, Brentwood ,TN ,800000
1418,38112, MEMPHIS ,TN ,550000
1419,37660, Kingsport ,TN ,85000
1420,37803, Maryville ,TN ,334900
1421,37216, NASHVILLE ,TN ,229900
1422,38305, Jackson ,TN ,640000
1423,37363, OOLTEWAH ,TN ,219900
1424,37205, Nashville ,TN ,1725000
1425,92563, MURRIETA ,CA ,299990
1426,92117, SAN DIEGO ,CA ,499900
1427,90046, LOS ANGELES ,CA ,10000000
1428,91342, Sylmar ,CA ,135000
1429,93611, Clovis ,CA ,439900
1430,90402, SANTA MONICA ,CA ,1096000
1431,95949, Grass Valley ,CA ,345000
1432,92105, SAN DIEGO ,CA ,399000
1433,90713, LAKEWOOD ,CA ,799900
1434,91709, CHINO HILLS ,CA ,429500
1435,94303, PALO ALTO ,CA ,2498000
1436,91701, RANCHO CUCAMONGA ,CA ,698888
1437,92646, Huntington Beach ,CA ,975000
1438,90732, San Pedro ,CA ,354000
1439,90068, LOS ANGELES ,CA ,2125000
1440,95018, FELTON ,CA ,965000
1441,92504, RIVERSIDE ,CA ,325000
1442,94538, FREMONT ,CA ,799000
1443,92661, NEWPORT BEACH ,CA ,29995000
1444,93312, Bakersfield ,CA ,422000
1445,95677, Rocklin ,CA ,429500
1446,95822, SACRAMENTO ,CA ,269900
1447,94551, LIVERMORE ,CA ,179450
1448,92106, SAN DIEGO ,CA ,24995000
1449,91504, Burbank ,CA ,414000
1450,84005, Eagle Mountain ,UT ,299900
1451,84403, OGDEN ,UT ,249900
1452,84103, SALT LAKE CITY ,UT ,3950000
1453,84790, St George ,UT ,750000
1454,84098, Park City ,UT ,579000
1455,84102, SALT LAKE CITY ,UT ,495000
1456,84092, SANDY ,UT ,1199999
1457,84790, St George ,UT ,406500
1458,84532, Moab ,UT ,270000
1459,84770, Saint George ,UT ,330000
1460,84065, RIVERTON ,UT ,320000
1461,84081, WEST JORDAN ,UT ,319900
1462,84004, Alpine ,UT ,359900
1463,84762, Duck Creek Village ,UT ,289000
1464,84043, Lehi ,UT ,549999
1465,84106, SALT LAKE CITY ,UT ,169900
1466,84103, Salt Lake City ,UT ,289900
1467,84401, OGDEN ,UT ,285000
1468,84119, WEST VALLEY CITY ,UT ,179900
1469,84105, SALT LAKE CITY ,UT ,340000
1470,84036, Park City ,UT ,8900000
1471,84790, St George ,UT ,469900
1472,84604, Provo ,UT ,425000
1473,84055, Oakley ,UT ,30000000
1474,84067, ROY ,UT ,259900
1475,77554, GALVESTON ,TX ,239900
1476,78669, SPICEWOOD ,TX ,420000
1477,77005, HOUSTON ,TX ,15000000
1478,76705, Waco ,TX ,100000
1479,78228, SAN ANTONIO ,TX ,138500
1480,77084, Houston ,TX ,284500
1481,76114, Fort Worth ,TX ,160000
1482,78232, HOLLYWOOD PARK ,TX ,489000
1483,76262, Westlake ,TX ,8500000
1484,75104, Cedar Hill ,TX ,595900
1485,77375, TOMBALL ,TX ,11995000
1486,75165, WAXAHACHIE ,TX ,235000
1487,78732, AUSTIN ,TX ,429900
1488,75042, GARLAND ,TX ,150000
1489,77388, Spring ,TX ,179900
1490,78247, SAN ANTONIO ,TX ,195000
1491,76008, Aledo ,TX ,6999900
1492,75035, FRISCO ,TX ,399900
1493,75205, DALLAS ,TX ,9950000
1494,75160, TERRELL ,TX ,158500
1495,79912, El Paso ,TX ,194495
1496,78733, AUSTIN ,TX ,2600000
1497,78248, SAN ANTONIO ,TX ,449900
1498,78753, AUSTIN ,TX ,190000
1499,75209, DALLAS ,TX ,3449000
1500,07601, Hackensack ,NJ ,115000
1501,07016, Cranford ,NJ ,415000
1502,08012, BLACKWOOD ,NJ ,275000
1503,07043, Montclair ,NJ ,679000
1504,07081, SPRINGFIELD ,NJ ,535900
1505,07042, MONTCLAIR ,NJ ,399000
1506,07043, MONTCLAIR ,NJ ,699000
1507,07110, Nutley ,NJ ,389000
1508,07727, Farmingdale ,NJ ,299999
1509,08731, Forked River ,NJ ,189900
1510,08083, Somerdale ,NJ ,52500
1511,08873, Somerset ,NJ ,359900
1512,07005, BOONTON ,NJ ,435000
1513,07052, West Orange ,NJ ,379000
1514,07722, COLTS NECK ,NJ ,3999000
1515,07040, Maplewood ,NJ ,775000
1516,07003, Bloomfield ,NJ ,399000
1517,07063, Plainfield ,NJ ,339900
1518,07076, Scotch Plains ,NJ ,440000
1519,07722, COLTS NECK ,NJ ,649000
1520,07036, LINDEN ,NJ ,224900
1521,07003, Bloomfield ,NJ ,350224
1522,07043, Montclair ,NJ ,759000
1523,07940, Madison ,NJ ,549900
1524,07054, PARSIPPANY ,NJ ,448700
1525,37207, NASHVILLE ,TN ,249900
1526,37919, KNOXVILLE ,TN ,245000
1527,37207, NASHVILLE ,TN ,199999
1528,37714, Caryville ,TN ,64900
1529,37206, NASHVILLE ,TN ,725000
1530,37934, KNOXVILLE ,TN ,199900
1531,38106, Memphis ,TN ,119000
1532,37040, Clarksville ,TN ,199900
1533,37312, Cleveland ,TN ,85000
1534,37145, Pleasant Shade ,TN ,259900
1535,37050, Cumberland City ,TN ,225000
1536,37406, CHATTANOOGA ,TN ,161900
1537,37404, CHATTANOOGA ,TN ,2595000
1538,37920, Kimberlin Heights ,TN ,304400
1539,37122, Mount Juliet ,TN ,199900
1540,37725, Dandridge ,TN ,90000
1541,37921, KNOXVILLE ,TN ,187500
1542,37069, FRANKLIN ,TN ,8100000
1543,37917, KNOXVILLE ,TN ,125000
1544,37211, NASHVILLE ,TN ,268000
1545,37683, Mountain City ,TN ,169900
1546,37923, KNOXVILLE ,TN ,150000
1547,37876, Sevierville ,TN ,349900
1548,37027, BRENTWOOD ,TN ,1450000
1549,37931, KNOXVILLE ,TN ,84900
1550,91302, CALABASAS ,CA ,8499000
1551,91342, Sylmar ,CA ,134900
1552,91351, Santa Clarita ,CA ,149000
1553,92503, RIVERSIDE ,CA ,195000
1554,90210, BEVERLY HILLS ,CA ,24995000
1555,90265, MALIBU ,CA ,36000000
1556,92660, NEWPORT BEACH ,CA ,59995000
1557,91302, Hidden Hills ,CA ,14995000
1558,92067, RANCHO SANTA FE ,CA ,39000000
1559,90630, Cypress ,CA ,55000
1560,90069, Los Angeles ,CA ,18295000
1561,92139, SAN DIEGO ,CA ,599000
1562,90043, LOS ANGELES ,CA ,600000
1563,90210, BEVERLY HILLS ,CA ,27995000
1564,91103, PASADENA ,CA ,449000
1565,90265, Malibu ,CA ,125000000
1566,90077, Los Angeles ,CA ,29000000
1567,90049, LOS ANGELES ,CA ,23495000
1568,92661, Newport Beach ,CA ,44995000
1569,92037, LA JOLLA ,CA ,19500000
1570,90210, BEVERLY HILLS ,CA ,36000000
1571,90210, Beverly Hills ,CA ,110000000
1572,90265, MALIBU ,CA ,85000000
1573,90210, BEVERLY HILLS ,CA ,38000000
1574,91344, Granada Hills ,CA ,699000
1575,84790, St George ,UT ,638000
1576,84124, SALT LAKE CITY ,UT ,389900
1577,84102, Salt Lake City ,UT ,525000
1578,84129, Taylorsville ,UT ,230000
1579,84790, St George ,UT ,255000
1580,84060, Park City ,UT ,16450000
1581,84003, American Fork ,UT ,219900
1582,84105, Salt Lake City ,UT ,410000
1583,84081, WEST JORDAN ,UT ,235000
1584,84094, SANDY ,UT ,345000
1585,84109, Salt Lake City ,UT ,562500
1586,84780, Washington ,UT ,369900
1587,84664, Mapleton ,UT ,364900
1588,84057, Orem ,UT ,65000
1589,84111, Salt Lake City ,UT ,110000
1590,84655, Santaquin ,UT ,293400
1591,84401, Ogden ,UT ,275000
1592,84770, St George ,UT ,299469
1593,84010, BOUNTIFUL ,UT ,399900
1594,84041, LAYTON ,UT ,265000
1595,84103, Salt Lake City ,UT ,499000
1596,84790, St George ,UT ,349900
1597,84790, St George ,UT ,549000
1598,84121, Cottonwood Heights ,UT ,378000
1599,84129, Taylorsville ,UT ,389437
1600,77040, HOUSTON ,TX ,170000
1601,77396, Humble ,TX ,228660
1602,75252, Dallas ,TX ,6999000
1603,75040, Garland ,TX ,65000
1604,76040, Euless ,TX ,134250
1605,77068, HOUSTON ,TX ,220000
1606,75220, DALLAS ,TX ,12495000
1607,75081, Richardson ,TX ,300000
1608,76092, Southlake ,TX ,11000000
1609,75206, DALLAS ,TX ,335000
1610,77070, HOUSTON ,TX ,289900
1611,77042, HOUSTON ,TX ,4875000
1612,78220, San Antonio ,TX ,211000
1613,78239, SAN ANTONIO ,TX ,134900
1614,75043, Garland ,TX ,220000
1615,78746, AUSTIN ,TX ,9990000
1616,79936, EL PASO ,TX ,199900
1617,78207, SAN ANTONIO ,TX ,215000
1618,78217, SAN ANTONIO ,TX ,179999
1619,79102, Amarillo ,TX ,129900
1620,77090, HOUSTON ,TX ,125000
1621,78201, SAN ANTONIO ,TX ,129900
1622,76092, Southlake ,TX ,3500000
1623,75215, DALLAS ,TX ,164000
1624,78744, Austin ,TX ,189000
1625,07722, COLTS NECK ,NJ ,769000
1626,07203, Roselle ,NJ ,145000
1627,07724, Tinton Falls ,NJ ,359000
1628,07748, Middletown ,NJ ,479999
1629,08016, Burlington ,NJ ,88400
1630,08723, Brick ,NJ ,269900
1631,07002, BAYONNE ,NJ ,299999
1632,07108, Newark ,NJ ,50000
1633,07747, Matawan ,NJ ,389000
1634,07960, MORRISTOWN ,NJ ,449000
1635,07470, WAYNE ,NJ ,694900
1636,07458, Upper Saddle River ,NJ ,1549000
1637,08054, MOUNT LAUREL ,NJ ,199900
1638,07003, Bloomfield ,NJ ,299000
1639,07039, LIVINGSTON ,NJ ,459000
1640,07901, Summit ,NJ ,935000
1641,07006, WEST CALDWELL ,NJ ,449900
1642,07620, Alpine ,NJ ,9950000
1643,08401, Atlantic city ,NJ ,10000
1644,07028, Glen Ridge ,NJ ,599000
1645,07834, DENVILLE ,NJ ,425000
1646,08753, TOMS RIVER ,NJ ,295000
1647,08234, EGG HARBOR TOWNSHIP ,NJ ,225000
1648,08833, LEBANON ,NJ ,449357
1649,08109, Merchantville ,NJ ,130000
1650,37412, CHATTANOOGA ,TN ,149000
1651,37803, Maryville ,TN ,124900
1652,37205, NASHVILLE ,TN ,4750000
1653,37312, Cleveland ,TN ,149900
1654,38017, COLLIERVILLE ,TN ,225000
1655,38225, Dresden ,TN ,55900
1656,37210, NASHVILLE ,TN ,185000
1657,37211, NASHVILLE ,TN ,162000
1658,37138, OLD HICKORY ,TN ,255000
1659,37804, Maryville ,TN ,299000
1660,37206, NASHVILLE ,TN ,548500
1661,37398, Winchester ,TN ,269900
1662,37914, KNOXVILLE ,TN ,179900
1663,37215, NASHVILLE ,TN ,10900000
1664,38138, GERMANTOWN ,TN ,349900
1665,38585, Spencer ,TN ,178500
1666,37643, Elizabethton ,TN ,74900
1667,37914, KNOXVILLE ,TN ,299900
1668,37190, Woodbury ,TN ,275000
1669,37211, NASHVILLE ,TN ,254900
1670,37743, Greeneville ,TN ,103900
1671,37922, KNOXVILLE ,TN ,200000
1672,37664, Kingsport ,TN ,149900
1673,37166, Smithville ,TN ,164900
1674,38583, Sparta ,TN ,200000
1675,90049, LOS ANGELES ,CA ,18500000
1676,92377, RIALTO ,CA ,275000
1677,90210, BEVERLY HILLS ,CA ,47500000
1678,91302, CALABASAS ,CA ,10980000
1679,90069, Los Angeles ,CA ,9300000
1680,91302, Hidden Hills ,CA ,12995000
1681,92648, Huntington Beach ,CA ,387500
1682,91761, Ontario ,CA ,179900
1683,90069, West Hollywood ,CA ,29000000
1684,94022, LOS ALTOS HILLS ,CA ,49990000
1685,94103, San Francisco ,CA ,310484
1686,90210, BEVERLY HILLS ,CA ,39500000
1687,92647, Huntington Beach ,CA ,174900
1688,91316, Encino ,CA ,4995000
1689,94123, San Francisco ,CA ,27500000
1690,92506, RIVERSIDE ,CA ,285000
1691,90806, Long Beach ,CA ,198000
1692,90272, Pacific Palisades ,CA ,24450000
1693,94605, OAKLAND ,CA ,499000
1694,92131, SAN DIEGO ,CA ,1249000
1695,90077, LOS ANGELES ,CA ,15000000
1696,92154, San Diego ,CA ,90000
1697,91104, PASADENA ,CA ,330000
1698,90077, Los Angeles ,CA ,35000000
1699,92801, Anaheim ,CA ,105000
1700,84770, St George ,UT ,288400
1701,84109, SALT LAKE CITY ,UT ,549000
1702,84770, St George ,UT ,500000
1703,84094, SANDY ,UT ,319000
1704,84532, Moab ,UT ,365000
1705,84414, North Ogden ,UT ,309900
1706,84403, OGDEN ,UT ,295000
1707,84721, CEDAR CITY ,UT ,279900
1708,84096, Riverton ,UT ,280000
1709,84098, Park City ,UT ,10750000
1710,84790, St George ,UT ,405000
1711,84098, Park City ,UT ,12500000
1712,84104, SALT LAKE CITY ,UT ,314900
1713,84104, SALT LAKE CITY ,UT ,149900
1714,84604, Provo ,UT ,990000
1715,84010, BOUNTIFUL ,UT ,250000
1716,84041, Layton ,UT ,29000
1717,84043, Lehi ,UT ,299900
1718,84116, SALT LAKE CITY ,UT ,260000
1719,84108, Salt Lake City ,UT ,425000
1720,84025, FARMINGTON ,UT ,499900
1721,84098, Park City ,UT ,195000
1722,84604, Provo ,UT ,249900
1723,84108, SALT LAKE CITY ,UT ,459000
1724,84106, South Salt Lake ,UT ,349900
1725,75154, Glenn Heights ,TX ,75000
1726,77084, HOUSTON ,TX ,189000
1727,75212, DALLAS ,TX ,369900
1728,78245, San Antonio ,TX ,189900
1729,77090, Houston ,TX ,161800
1730,78261, SAN ANTONIO ,TX ,389500
1731,75232, Dallas ,TX ,155000
1732,78233, SAN ANTONIO ,TX ,149750
1733,78201, San Antonio ,TX ,319900
1734,77382, THE WOODLANDS ,TX ,7000000
1735,78233, SAN ANTONIO ,TX ,204900
1736,77044, Houston ,TX ,329900
1737,76710, WACO ,TX ,284900
1738,75227, DALLAS ,TX ,225000
1739,77084, HOUSTON ,TX ,275000
1740,75229, DALLAS ,TX ,375000
1741,79928, El Paso ,TX ,278950
1742,77066, HOUSTON ,TX ,175000
1743,75215, DALLAS ,TX ,69950
1744,75228, DALLAS ,TX ,349900
1745,75041, GARLAND ,TX ,185000
1746,77091, HOUSTON ,TX ,209000
1747,78732, AUSTIN ,TX ,835000
1748,75220, DALLAS ,TX ,14995000
1749,78233, SAN ANTONIO ,TX ,210000
1750,07652, Paramus ,NJ ,166
1751,07052, West Orange ,NJ ,320000
1752,07712, ASBURY PARK ,NJ ,310000
1753,08046, Willingboro ,NJ ,189999
1754,07006, CALDWELL ,NJ ,499000
1755,08003, CHERRY HILL ,NJ ,227900
1756,07746, MARLBORO ,NJ ,444000
1757,07042, Montclair ,NJ ,689000
1758,07003, BLOOMFIELD ,NJ ,419000
1759,07018, East Orange ,NJ ,260000
1760,07871, SPARTA ,NJ ,345000
1761,08730, Brielle ,NJ ,12850000
1762,07042, Montclair ,NJ ,799000
1763,07733, Holmdel ,NJ ,1258800
1764,08753, TOMS RIVER ,NJ ,189000
1765,07043, Montclair ,NJ ,719000
1766,07017, East Orange ,NJ ,65000
1767,07060, PLAINFIELD ,NJ ,250000
1768,07092, Mountainside ,NJ ,449900
1769,07110, Nutley ,NJ ,250000
1770,07901, Summit ,NJ ,945000
1771,08204, Cape May ,NJ ,274900
1772,07836, Flanders ,NJ ,400000
1773,08753, TOMS RIVER ,NJ ,374900
1774,07208, Elizabeth ,NJ ,274900
1775,37064, FRANKLIN ,TN ,799900
1776,37205, NASHVILLE ,TN ,499900
1777,37924, Knoxville ,TN ,205000
1778,37075, HENDERSONVILLE ,TN ,379900
1779,37204, NASHVILLE ,TN ,475000
1780,37917, KNOXVILLE ,TN ,229000
1781,37076, HERMITAGE ,TN ,185000
1782,37931, KNOXVILLE ,TN ,248750
1783,37184, Watertown ,TN ,119900
1784,37601, Johnson City ,TN ,209900
1785,37027, BRENTWOOD ,TN ,3950000
1786,37040, Clarksville ,TN ,299900
1787,37918, Knoxville ,TN ,159900
1788,37087, Lebanon ,TN ,229900
1789,38242, Paris ,TN ,143900
1790,37209, NASHVILLE ,TN ,299900
1791,37918, KNOXVILLE ,TN ,279900
1792,37620, Bristol ,TN ,289000
1793,37379, Soddy Daisy ,TN ,299900
1794,37027, BRENTWOOD ,TN ,479000
1795,37380, South Pittsburg ,TN ,76750
1796,37918, Knoxville ,TN ,300000
1797,37405, CHATTANOOGA ,TN ,529900
1798,37406, CHATTANOOGA ,TN ,149000
1799,37421, CHATTANOOGA ,TN ,298500
1800,94118, San Francisco ,CA ,11500000
1801,91302, Hidden Hills ,CA ,17500000
1802,91709, Chino Hills ,CA ,219000
1803,90077, LOS ANGELES ,CA ,5995000
1804,90210, BEVERLY HILLS ,CA ,39995000
1805,95823, SACRAMENTO ,CA ,284900
1806,90077, Los Angeles ,CA ,14950000
1807,90077, LOS ANGELES ,CA ,6750000
1808,95204, STOCKTON ,CA ,199900
1809,94110, San Francisco ,CA ,899000
1810,91316, ENCINO ,CA ,5475000
1811,90077, LOS ANGELES ,CA ,27995000
1812,94027, Atherton ,CA ,26500000
1813,90210, BEVERLY HILLS ,CA ,12495000
1814,91302, Calabasas ,CA ,209500
1815,92010, Carlsbad ,CA ,699000
1816,90210, BEVERLY HILLS ,CA ,19995000
1817,91302, Hidden Hills ,CA ,14995000
1818,91302, Calabasas ,CA ,3895000
1819,92626, Costa Mesa ,CA ,418000
1820,93117, GOLETA ,CA ,110000000
1821,95746, Granite Bay ,CA ,500000
1822,94708, BERKELEY ,CA ,795000
1823,93463, SOLVANG ,CA ,299000
1824,94089, Sunnyvale ,CA ,278800
1825,84790, St George ,UT ,344900
1826,84103, Salt Lake City ,UT ,1650000
1827,84070, SANDY ,UT ,310000
1828,84121, Cottonwood Heights ,UT ,850000
1829,84047, MIDVALE ,UT ,149900
1830,84111, SALT LAKE CITY ,UT ,325000
1831,84606, Provo ,UT ,324900
1832,84075, SYRACUSE ,UT ,350000
1833,84651, Payson ,UT ,200000
1834,84043, Lehi ,UT ,439900
1835,84401, OGDEN ,UT ,160000
1836,84770, St George ,UT ,379900
1837,84020, Draper ,UT ,319933
1838,84098, Park City ,UT ,740000
1839,84047, Midvale ,UT ,79900
1840,84106, Millcreek ,UT ,418000
1841,84401, OGDEN ,UT ,149900
1842,84403, OGDEN ,UT ,189000
1843,84105, SALT LAKE CITY ,UT ,475000
1844,84057, Orem ,UT ,249900
1845,84770, St George ,UT ,579500
1846,84404, OGDEN ,UT ,195000
1847,84115, Salt Lake City ,UT ,389900
1848,84105, SALT LAKE CITY ,UT ,499000
1849,84116, SALT LAKE CITY ,UT ,230000
1850,75034, FRISCO ,TX ,5295000
1851,77033, HOUSTON ,TX ,219000
1852,78239, SAN ANTONIO ,TX ,172500
1853,77068, HOUSTON ,TX ,372000
1854,76132, Fort Worth ,TX ,175000
1855,76705, WACO ,TX ,249900
1856,77070, HOUSTON ,TX ,265000
1857,77042, HOUSTON ,TX ,14500000
1858,75208, DALLAS ,TX ,1995000
1859,78244, SAN ANTONIO ,TX ,152000
1860,78244, SAN ANTONIO ,TX ,179999
1861,75216, DALLAS ,TX ,198000
1862,75223, DALLAS ,TX ,149900
1863,75070, MCKINNEY ,TX ,299999
1864,76710, WACO ,TX ,179900
1865,78248, SAN ANTONIO ,TX ,299000
1866,75216, Dallas ,TX ,195000
1867,77069, HOUSTON ,TX ,265000
1868,76105, Fort Worth ,TX ,190000
1869,75034, Frisco ,TX ,389900
1870,78258, SAN ANTONIO ,TX ,314900
1871,78737, AUSTIN ,TX ,799000
1872,75181, MESQUITE ,TX ,195000
1873,78744, AUSTIN ,TX ,224990
1874,75051, GRAND PRAIRIE ,TX ,199900
1875,08807, BRIDGEWATER ,NJ ,328000
1876,07305, JERSEY CITY ,NJ ,399000
1877,07931, Far Hills ,NJ ,16500000
1878,07302, Jersey City ,NJ ,599000
1879,08053, MARLTON ,NJ ,289900
1880,08753, Toms River ,NJ ,199000
1881,08846, MIDDLESEX ,NJ ,310000
1882,07760, Rumson ,NJ ,9500000
1883,07043, Montclair ,NJ ,759000
1884,08332, MILLVILLE ,NJ ,34900
1885,08867, PITTSTOWN ,NJ ,330000
1886,07716, Atlantic Highlands ,NJ ,250000
1887,07030, HOBOKEN ,NJ ,750000
1888,08034, Cherry Hill ,NJ ,379900
1889,07016, Cranford ,NJ ,619800
1890,08753, TOMS RIVER ,NJ ,312000
1891,08807, BRIDGEWATER ,NJ ,315000
1892,08723, BRICK ,NJ ,325000
1893,08816, East Brunswick ,NJ ,469000
1894,07052, West Orange ,NJ ,265000
1895,07045, Montville ,NJ ,425000
1896,07652, Paramus Boro ,NJ ,296500
1897,07005, BOONTON ,NJ ,480000
1898,08901, NEW BRUNSWICK ,NJ ,175000
1899,07024, Fort Lee ,NJ ,118000
1900,38464, Lawrenceburg ,TN ,210000
1901,38120, MEMPHIS ,TN ,375000
1902,37604, Johnson City ,TN ,54500
1903,38305, Jackson ,TN ,203000
1904,37934, KNOXVILLE ,TN ,250000
1905,38104, MEMPHIS ,TN ,259900
1906,37917, KNOXVILLE ,TN ,119000
1907,37064, Franklin ,TN ,10000000
1908,37208, Nashville ,TN ,319900
1909,37409, CHATTANOOGA ,TN ,314700
1910,37215, NASHVILLE ,TN ,615000
1911,38138, GERMANTOWN ,TN ,364900
1912,37040, CLARKSVILLE ,TN ,114500
1913,37138, Old Hickory ,TN ,249800
1914,37046, College Grove ,TN ,9449900
1915,37912, KNOXVILLE ,TN ,140000
1916,37343, Hixson ,TN ,167500
1917,37876, Pigeon Forge ,TN ,135900
1918,37801, Maryville ,TN ,114900
1919,37343, HIXSON ,TN ,169500
1920,37208, Nashville ,TN ,289900
1921,37920, KNOXVILLE ,TN ,155000
1922,38104, MEMPHIS ,TN ,575000
1923,37772, Lenoir City ,TN ,175000
1924,37215, NASHVILLE ,TN ,839900
1925,95662, Orangevale ,CA ,200000
1926,90210, BEVERLY HILLS ,CA ,21999000
1927,92705, Santa Ana ,CA ,204900
1928,90272, Pacific Palisades ,CA ,7675000
1929,94103, SAN FRANCISCO ,CA ,287274
1930,92672, SAN CLEMENTE ,CA ,44000000
1931,90042, LOS ANGELES ,CA ,649900
1932,91364, WOODLAND HILLS ,CA ,3499000
1933,94124, SAN FRANCISCO ,CA ,749000
1934,92675, SAN JUAN CAPISTRANO ,CA ,599000
1935,92037, LA JOLLA ,CA ,18900000
1936,92503, Riverside ,CA ,298000
1937,95815, SACRAMENTO ,CA ,195000
1938,90210, BEVERLY HILLS ,CA ,35000000
1939,90265, MALIBU ,CA ,48500000
1940,92128, SAN DIEGO ,CA ,499000
1941,90077, Los Angeles ,CA ,150000000
1942,90046, LOS ANGELES ,CA ,8495000
1943,91302, CALABASAS ,CA ,11900000
1944,92651, Laguna Beach ,CA ,29000000
1945,95404, Santa Rosa ,CA ,799000
1946,94583, SAN RAMON ,CA ,675000
1947,90077, LOS ANGELES ,CA ,34000000
1948,92591, TEMECULA ,CA ,519000
1949,91701, RANCHO CUCAMONGA ,CA ,449000
1950,84106, South Salt Lake ,UT ,309000
1951,84111, Salt Lake City ,UT ,285000
1952,84060, Park City ,UT ,9998000
1953,84102, Salt Lake City ,UT ,223399
1954,84040, LAYTON ,UT ,589900
1955,84103, SALT LAKE CITY ,UT ,2100000
1956,84106, SALT LAKE CITY ,UT ,359900
1957,84096, Herriman ,UT ,240000
1958,84045, Saratoga Springs ,UT ,519000
1959,84097, Orem ,UT ,625000
1960,84720, Cedar City ,UT ,772765
1961,84067, Roy ,UT ,239900
1962,84790, St George ,UT ,537750
1963,84070, Sandy ,UT ,349000
1964,84108, SALT LAKE CITY ,UT ,799500
1965,84651, Payson ,UT ,265000
1966,84770, St George ,UT ,289900
1967,84104, SALT LAKE CITY ,UT ,260000
1968,84770, St George ,UT ,239900
1969,84047, MIDVALE ,UT ,359900
1970,84121, Cottonwood Heights ,UT ,749900
1971,84606, Provo ,UT ,310000
1972,84124, Holladay ,UT ,329990
1973,84084, WEST JORDAN ,UT ,339900
1974,84081, West Jordan ,UT ,275000
1975,75034, FRISCO ,TX ,484000
1976,78728, Austin ,TX ,285990
1977,76119, Fort Worth ,TX ,179900
1978,75006, Carrollton ,TX ,83000
1979,75224, DALLAS ,TX ,249900
1980,76036, Crowley ,TX ,169900
1981,75210, DALLAS ,TX ,110000
1982,76123, Fort Worth ,TX ,288500
1983,78717, AUSTIN ,TX ,499000
1984,75165, WAXAHACHIE ,TX ,199900
1985,75203, Dallas ,TX ,179900
1986,78732, AUSTIN ,TX ,550000
1987,75212, DALLAS ,TX ,295000
1988,78252, San Antonio ,TX ,217000
1989,75060, Irving ,TX ,240000
1990,76115, Fort Worth ,TX ,66000
1991,78239, SAN ANTONIO ,TX ,200000
1992,75227, DALLAS ,TX ,125000
1993,79938, EL PASO ,TX ,179000
1994,77040, HOUSTON ,TX ,215000
1995,75228, Dallas ,TX ,199900
1996,77070, HOUSTON ,TX ,129900
1997,76522, Copperas Cove t ,TX ,139900
1998,75081, Richardson ,TX ,324900
1999,75063, IRVING ,TX ,269900
2000,07024, Fort Lee ,NJ ,160000
2001,07041, Millburn ,NJ ,999000
2002,08226, Ocean City ,NJ ,689000
2003,08846, Middlesex ,NJ ,289000
2004,07620, Alpine ,NJ ,15088000
2005,07013, Clifton ,NJ ,360000
2006,07724, Eatontown ,NJ ,309000
2007,07740, Long Branch ,NJ ,145000
2008,08053, MARLTON ,NJ ,293900
2009,07003, BLOOMFIELD ,NJ ,347000
2010,07748, Middletown ,NJ ,950000
2011,07719, WALL TOWNSHIP ,NJ ,599000
2012,08816, EAST BRUNSWICK ,NJ ,349999
2013,08723, BRICK ,NJ ,275000
2014,07305, Jersey City ,NJ ,295000
2015,07417, FRANKLIN LAKES ,NJ ,3950000
2016,07620, Alpine ,NJ ,18500000
2017,07013, Clifton ,NJ ,665000
2018,07079, South Orange ,NJ ,419000
2019,08107, Haddon Township ,NJ ,219999
2020,07731, HOWELL ,NJ ,199500
2021,07024, Fort Lee ,NJ ,53000
2022,08753, TOMS RIVER ,NJ ,150000
2023,07442, POMPTON LAKES ,NJ ,369000
2024,08540, Princeton ,NJ ,999900
2025,38544, Baxter ,TN ,296000
2026,37069, FRANKLIN ,TN ,7995000
2027,38488, Taft ,TN ,139900
2028,37174, Spring Hill ,TN ,269900
2029,37128, Murfreesboro ,TN ,219950
2030,37189, Whites Creek ,TN ,699900
2031,37013, ANTIOCH ,TN ,285000
2032,37415, CHATTANOOGA ,TN ,229900
2033,37064, FRANKLIN ,TN ,675000
2034,37211, NASHVILLE ,TN ,336000
2035,37650, Erwin ,TN ,52000
2036,37042, CLARKSVILLE ,TN ,112000
2037,37217, NASHVILLE ,TN ,229900
2038,37013, ANTIOCH ,TN ,159900
2039,37208, Nashville ,TN ,399000
2040,37027, BRENTWOOD ,TN ,632500
2041,37871, Strawberry Plains ,TN ,439900
2042,37863, Pigeon Forge ,TN ,345000
2043,37421, CHATTANOOGA ,TN ,249500
2044,37043, Clarksville ,TN ,575000
2045,37166, Smithville ,TN ,149900
2046,38506, Cookeville ,TN ,207429
2047,37064, Franklin ,TN ,549900
2048,37072, Goodlettsville ,TN ,399900
2049,37379, SODDY DAISY ,TN ,135000
2050,90068, LOS ANGELES ,CA ,829000
2051,94110, SAN FRANCISCO ,CA ,1195000
2052,92064, POWAY ,CA ,599900
2053,94027, Atherton ,CA ,24900000
2054,92701, SANTA ANA ,CA ,498000
2055,90069, Los Angeles ,CA ,6995000
2056,94015, Daly City ,CA ,788000
2057,90603, WHITTIER ,CA ,499888
2058,92585, Menifee ,CA ,300000
2059,92101, SAN DIEGO ,CA ,400000
2060,90011, Los Angeles ,CA ,190000
2061,92037, LA JOLLA ,CA ,12999900
2062,93110, SANTA BARBARA ,CA ,21500000
2063,94608, Oakland ,CA ,629000
2064,90241, DOWNEY ,CA ,600000
2065,91436, ENCINO ,CA ,7999000
2066,90265, MALIBU ,CA ,17995000
2067,94109, SAN FRANCISCO ,CA ,14400000
2068,91351, Canyon Country ,CA ,135000
2069,91403, SHERMAN OAKS ,CA ,799000
2070,90210, BEVERLY HILLS ,CA ,26500000
2071,90402, SANTA MONICA ,CA ,21875000
2072,94110, SAN FRANCISCO ,CA ,795000
2073,90027, LOS ANGELES ,CA ,995000
2074,90069, Los Angeles ,CA ,26995000
2075,84095, South Jordan ,UT ,565000
2076,84790, St George ,UT ,399900
2077,84010, BOUNTIFUL ,UT ,225000
2078,84101, Salt Lake City ,UT ,439000
2079,84070, Sandy ,UT ,259900
2080,84770, St George ,UT ,40000
2081,84103, Salt Lake City ,UT ,364900
2082,84103, SALT LAKE CITY ,UT ,410000
2083,84088, WEST JORDAN ,UT ,275000
2084,84770, St George ,UT ,269900
2085,84606, Provo ,UT ,299900
2086,84105, SALT LAKE CITY ,UT ,699900
2087,84779, Virgin ,UT ,159900
2088,84009, SOUTH JORDAN ,UT ,235000
2089,84105, SALT LAKE CITY ,UT ,345000
2090,84020, Draper ,UT ,399000
2091,84780, Washington ,UT ,289500
2092,84102, SALT LAKE CITY ,UT ,875000
2093,84010, BOUNTIFUL ,UT ,274900
2094,84106, Salt Lake City ,UT ,369000
2095,84403, OGDEN ,UT ,175000
2096,84060, Park City ,UT ,10900000
2097,84770, St George ,UT ,785000
2098,84010, Bountiful ,UT ,399000
2099,84103, SALT LAKE CITY ,UT ,599000
2100,78256, SAN ANTONIO ,TX ,349900
2101,78247, SAN ANTONIO ,TX ,165000
2102,78217, SAN ANTONIO ,TX ,140000
2103,78244, SAN ANTONIO ,TX ,149900
2104,75093, PLANO ,TX ,279900
2105,75212, Dallas ,TX ,198750
2106,75040, GARLAND ,TX ,229000
2107,77041, HOUSTON ,TX ,109900
2108,75067, LEWISVILLE ,TX ,190000
2109,77090, HOUSTON ,TX ,269500
2110,77069, HOUSTON ,TX ,220000
2111,76133, Fort Worth ,TX ,220000
2112,76017, Arlington ,TX ,299000
2114,76021, Bedford ,TX ,375000
2115,75035, FRISCO ,TX ,360000
2116,78202, SAN ANTONIO ,TX ,135000
2117,78213, SAN ANTONIO ,TX ,185000
2118,79938, EL PASO ,TX ,134900
2119,78733, AUSTIN ,TX ,5700000
2120,75068, Little Elm ,TX ,150000
2121,76014, Arlington ,TX ,152000
2122,75243, DALLAS ,TX ,539000
2123,76707, WACO ,TX ,239700
2124,78752, Austin ,TX ,374000
2125,07080, South Plainfield ,NJ ,399750
2126,07733, HOLMDEL ,NJ ,689000
2127,07044, Verona ,NJ ,479000
2128,08003, Cherry Hill ,NJ ,149900
2129,08002, Cherry Hill ,NJ ,185000
2130,08854, Piscataway ,NJ ,320000
2131,07450, Ridgewood ,NJ ,749000
2132,07746, Marlboro ,NJ ,669000
2133,07028, Glen Ridge ,NJ ,519000
2134,08721, BAYVILLE ,NJ ,209000
2135,08817, EDISON ,NJ ,344000
2136,07058, Pine Brook ,NJ ,469900
2137,07876, SUCCASUNNA ,NJ ,359000
2138,07730, Hazlet ,NJ ,449000
2139,07866, Rockaway ,NJ ,450000
2140,08817, Edison ,NJ ,369000
2141,07029, HARRISON ,NJ ,398000
2142,07095, Woodbridge ,NJ ,435000
2143,07828, BUDD LAKE ,NJ ,189990
2144,08081, Sicklerville ,NJ ,189000
2145,07675, WESTWOOD ,NJ ,399900
2146,08081, Sicklerville ,NJ ,189900
2147,07739, Little Silver ,NJ ,989900
2148,07450, Ridgewood ,NJ ,649000
2149,07083, UNION ,NJ ,300000
2150,37069, FRANKLIN ,TN ,368500
2151,37415, CHATTANOOGA ,TN ,115900
2152,37814, Morristown ,TN ,299900
2153,38315, BETHEL SPRINGS ,TN ,125000
2154,37920, Knoxville ,TN ,350000
2155,38104, MEMPHIS ,TN ,299000
2156,37813, Morristown ,TN ,199900
2157,37917, KNOXVILLE ,TN ,169900
2158,37686, Piney flats ,TN ,7500000
2159,37042, CLARKSVILLE ,TN ,234900
2160,37208, Nashville ,TN ,439900
2161,37055, Dickson ,TN ,234900
2162,37343, HIXSON ,TN ,249900
2163,38103, MEMPHIS ,TN ,2000000
2164,37215, NASHVILLE ,TN ,2250000
2165,38478, Pulaski ,TN ,264900
2166,37727, Del Rio ,TN ,109000
2167,37208, NASHVILLE ,TN ,389000
2168,37421, CHATTANOOGA ,TN ,304
2169,37803, Maryville ,TN ,229900
2170,37914, KNOXVILLE ,TN ,299000
2171,37027, BRENTWOOD ,TN ,495828
2172,37919, Knoxville ,TN ,3949000
2173,37857, Rogersville ,TN ,115000
2174,37923, KNOXVILLE ,TN ,314900
2175,92507, RIVERSIDE ,CA ,445000
2176,90046, LOS ANGELES ,CA ,799000
2177,94507, ALAMO ,CA ,39000000
2178,90068, LOS ANGELES ,CA ,1995000
2179,92595, WILDOMAR ,CA ,385000
2180,92109, San Diego ,CA ,795000
2181,93428, CAMBRIA ,CA ,60000000
2182,94530, EL CERRITO ,CA ,549000
2183,94605, OAKLAND ,CA ,395000
2184,93108, SANTA BARBARA ,CA ,36890000
2185,90210, Beverly Hills ,CA ,34800000
2186,92833, FULLERTON ,CA ,549900
2187,94973, Woodacre ,CA ,499000
2188,92392, VICTORVILLE ,CA ,193900
2189,90011, Los Angeles ,CA ,315000
2190,94703, BERKELEY ,CA ,875000
2191,90631, LA HABRA ,CA ,370000
2192,90077, LOS ANGELES ,CA ,8450000
2193,91302, Calabasas ,CA ,349000
2194,90046, LOS ANGELES ,CA ,5250000
2195,90027, Los Angeles ,CA ,10498000
2196,90210, BEVERLY HILLS ,CA ,24500000
2197,92114, SAN DIEGO ,CA ,460000
2198,94601, OAKLAND ,CA ,499000
2199,90068, LOS ANGELES ,CA ,799000
2200,84108, Salt Lake City ,UT ,273400
2201,84043, Lehi ,UT ,325000
2202,84092, SANDY ,UT ,744500
2203,84098, Park City ,UT ,1099900
2204,84037, Kaysville ,UT ,485300
2205,84040, LAYTON ,UT ,359900
2206,84093, SANDY ,UT ,374900
2207,84401, OGDEN ,UT ,259500
2208,84321, Logan ,UT ,269000
2209,84003, Highland ,UT ,669900
2210,84003, Highland ,UT ,446900
2211,84780, Washington ,UT ,399900
2212,84121, Cottonwood Heights ,UT ,226000
2213,84041, LAYTON ,UT ,219900
2214,84790, Saint George ,UT ,399000
2215,84115, SALT LAKE CITY ,UT ,399900
2216,84009, South Jordan ,UT ,230000
2217,84009, SOUTH JORDAN ,UT ,190000
2218,84057, Orem ,UT ,310000
2219,84124, SALT LAKE CITY ,UT ,399000
2220,84070, SANDY ,UT ,290000
2221,84098, Park City ,UT ,1100000
2222,84109, SALT LAKE CITY ,UT ,2699900
2223,84010, BOUNTIFUL ,UT ,298900
2224,84770, St George ,UT ,264900
2225,75081, Richardson ,TX ,160000
2226,75007, CARROLLTON ,TX ,245000
2227,75220, Dallas ,TX ,6945000
2228,78254, San Antonio ,TX ,62459
2229,78550, Harlingen ,TX ,229950
2230,75212, Dallas ,TX ,292000
2231,76707, Waco ,TX ,115000
2232,75778, Murchison ,TX ,130000
2233,77071, Houston ,TX ,158995
2234,77019, HOUSTON ,TX ,17500000
2235,78748, Austin ,TX ,314432
2236,78238, SAN ANTONIO ,TX ,79000
2237,78613, Cedar Park ,TX ,225000
2238,78070, SPRING BRANCH ,TX ,369999
2239,77382, THE WOODLANDS ,TX ,6700000
2240,75220, DALLAS ,TX ,3149000
2241,76108, Fort worth ,TX ,389999
2242,78747, AUSTIN ,TX ,375000
2243,76140, Fort Worth ,TX ,197000
2244,78724, AUSTIN ,TX ,229900
2245,75205, DALLAS ,TX ,16750000
2246,78216, SAN ANTONIO ,TX ,300000
2247,77090, HOUSTON ,TX ,185000
2248,76707, WACO ,TX ,208400
2249,78258, San Antonio ,TX ,400000
2250,07465, WANAQUE ,NJ ,319000
2251,07981, WHIPPANY ,NJ ,475000
2252,08817, EDISON ,NJ ,310000
2253,08822, Flemington ,NJ ,579900
2254,08053, Marlton ,NJ ,230000
2255,07760, RUMSON ,NJ ,429000
2256,08844, Hillsborough ,NJ ,339000
2257,07675, Westwood ,NJ ,349999
2258,07885, Wharton ,NJ ,300000
2259,07054, PARSIPPANY ,NJ ,599900
2260,07090, Westfield ,NJ ,668000
2261,07840, HACKETTSTOWN ,NJ ,99500
2262,07052, WEST ORANGE ,NJ ,450000
2263,08816, East Brunswick ,NJ ,559900
2264,07853, Long Valley ,NJ ,339900
2265,07430, Mahwah ,NJ ,869900
2266,07853, LONG VALLEY ,NJ ,535000
2267,07002, Bayonne ,NJ ,495000
2268,08742, POINT PLEASANT BEACH ,NJ ,499000
2269,07753, Neptune ,NJ ,299900
2270,07107, Newark ,NJ ,185000
2271,07017, East Orange ,NJ ,249900
2272,07834, Denville ,NJ ,350000
2273,08807, Bridgewater ,NJ ,549000
2274,07043, MONTCLAIR ,NJ ,1199000
2275,37027, BRENTWOOD ,TN ,860000
2276,37753, Hartford ,TN ,120000
2277,37144, Petersburg ,TN ,299000
2278,37876, Sevierville ,TN ,162900
2279,37803, Maryville ,TN ,149900
2280,37821, Newport ,TN ,135000
2281,37683, Mountain City ,TN ,224900
2282,37211, NASHVILLE ,TN ,335000
2283,38128, MEMPHIS ,TN ,125000
2284,37205, NASHVILLE ,TN ,1699999
2285,37207, Nashville ,TN ,259900
2286,37069, FRANKLIN ,TN ,2299900
2287,37215, NASHVILLE ,TN ,1795000
2288,37385, Tellico Plains ,TN ,16500
2289,37738, Gatlinburg ,TN ,229900
2290,38135, MEMPHIS ,TN ,239900
2291,37716, Clinton ,TN ,235000
2292,37922, Knoxville ,TN ,260000
2293,37931, Knoxville ,TN ,186000
2294,37863, Pigeon Forge ,TN ,239900
2295,37215, Nashville ,TN ,2099000
2296,37923, KNOXVILLE ,TN ,199900
2297,37208, NASHVILLE ,TN ,250000
2298,37921, KNOXVILLE ,TN ,200000
2299,38016, CORDOVA ,TN ,154900
2300,92037, La Jolla ,CA ,29500000
2301,90068, Los Angeles ,CA ,1399000
2302,92651, LAGUNA BEACH ,CA ,48000000
2303,92553, MORENO VALLEY ,CA ,251500
2304,91367, Woodland Hills ,CA ,2850000
2305,92657, NEWPORT COAST ,CA ,33900000
2306,92657, Newport Coast ,CA ,23850000
2307,94545, HAYWARD ,CA ,548999
2308,90077, LOS ANGELES ,CA ,17888000
2309,94611, Piedmont ,CA ,1095000
2310,94131, SAN FRANCISCO ,CA ,1295000
2311,91403, SHERMAN OAKS ,CA ,2095000
2312,91342, Sylmar ,CA ,149900
2313,90210, BEVERLY HILLS ,CA ,24950000
2314,90045, LOS ANGELES ,CA ,580000
2315,90210, BEVERLY HILLS ,CA ,15250000
2316,93108, SANTA BARBARA ,CA ,85000000
2317,92651, Laguna Beach ,CA ,149900
2318,90210, BEVERLY HILLS ,CA ,15988000
2319,92127, SAN DIEGO ,CA ,13500000
2320,94107, San Francisco ,CA ,1159000
2321,95826, Sacramento ,CA ,399900
2322,91402, PANORAMA CITY ,CA ,550000
2323,94618, OAKLAND ,CA ,1350000
2324,92807, ANAHEIM ,CA ,689000
2325,84037, KAYSVILLE ,UT ,549900
2326,84098, Park City ,UT ,599000
2327,84403, South Ogden ,UT ,319900
2328,84106, SALT LAKE CITY ,UT ,375000
2329,84780, Washington ,UT ,349900
2330,84058, Orem ,UT ,284000
2331,84032, Heber City ,UT ,479900
2332,84790, St George ,UT ,184900
2333,84095, South Jordan ,UT ,529999
2334,84103, SALT LAKE CITY ,UT ,825000
2335,84321, Logan ,UT ,174900
2336,84106, SALT LAKE CITY ,UT ,250000
2337,84310, EDEN ,UT ,409000
2338,84010, BOUNTIFUL ,UT ,184999
2339,84015, Sunset ,UT ,199900
2340,84041, LAYTON ,UT ,259900
2341,84770, St George ,UT ,394500
2342,84032, Heber City ,UT ,799900
2343,84108, SALT LAKE CITY ,UT ,10762200
2344,84770, St George ,UT ,529000
2345,84010, BOUNTIFUL ,UT ,350000
2346,84097, Orem ,UT ,1995000
2347,84790, St George ,UT ,975000
2348,84045, Saratoga Springs ,UT ,435000
2349,84088, West Jordan ,UT ,349900
2350,77007, HOUSTON ,TX ,8500000
2351,78408, CORPUS CHRISTI ,TX ,85000
2352,78739, Austin ,TX ,575000
2353,75074, PLANO ,TX ,225000
2354,75216, Dallas ,TX ,169900
2355,78731, AUSTIN ,TX ,6999000
2356,79912, El Paso ,TX ,255000
2357,75006, Carrollton ,TX ,199000
2358,78737, AUSTIN ,TX ,499900
2359,77083, HOUSTON ,TX ,223500
2360,78727, AUSTIN ,TX ,249900
2361,76107, Fort Worth ,TX ,7950000
2362,75231, Dallas ,TX ,129000
2363,76706, WACO ,TX ,129000
2364,78254, SAN ANTONIO ,TX ,205000
2365,78133, CANYON LAKE ,TX ,240000
2366,75803, Palestine ,TX ,239900
2367,75074, PLANO ,TX ,378900
2368,76112, Fort Worth ,TX ,250000
2369,75035, FRISCO ,TX ,270900
2370,78744, AUSTIN ,TX ,205000
2371,78227, SAN ANTONIO ,TX ,199900
2372,78244, SAN ANTONIO ,TX ,149500
2373,76707, WACO ,TX ,119900
2374,75216, Dallas ,TX ,187500
2375,08857, Old Bridge ,NJ ,375000
2376,07724, Tinton Falls ,NJ ,589900
2377,07040, Maplewood ,NJ ,209000
2378,07928, CHATHAM ,NJ ,949000
2379,07090, WESTFIELD ,NJ ,799000
2380,07024, FORT LEE ,NJ ,8000000
2381,07041, Millburn ,NJ ,1100000
2382,07981, WHIPPANY ,NJ ,525000
2383,07067, Colonia ,NJ ,349000
2384,08055, MEDFORD ,NJ ,429800
2385,07052, West Orange ,NJ ,369000
2386,07005, BOONTON ,NJ ,349900
2387,07470, Wayne ,NJ ,329000
2388,07090, WESTFIELD ,NJ ,725000
2389,08857, Old Bridge ,NJ ,369900
2390,07307, JERSEY CITY ,NJ ,479000
2391,07753, NEPTUNE ,NJ ,269000
2392,07044, Verona ,NJ ,498000
2393,07078, Short Hills ,NJ ,1499000
2394,07083, UNION ,NJ ,289000
2395,07204, ROSELLE PARK ,NJ ,199900
2396,07306, Jersey City ,NJ ,595000
2397,07028, Glen Ridge ,NJ ,549000
2398,07621, BERGENFIELD ,NJ ,495000
2399,07628, Dumont ,NJ ,469000
2400,37130, MURFREESBORO ,TN ,219900
2401,37130, MURFREESBORO ,TN ,239000
2402,37215, NASHVILLE ,TN ,995000
2403,37803, Maryville ,TN ,189900
2404,37803, Maryville ,TN ,192900
2405,38138, GERMANTOWN ,TN ,339900
2406,37411, CHATTANOOGA ,TN ,279900
2407,37922, KNOXVILLE ,TN ,345000
2408,37027, BRENTWOOD ,TN ,800000
2409,38242, Paris ,TN ,55000
2410,37216, Nashville ,TN ,269900
2411,38583, Sparta ,TN ,214000
2412,37938, KNOXVILLE ,TN ,93900
2413,37918, KNOXVILLE ,TN ,165000
2414,37067, FRANKLIN ,TN ,719900
2415,38558, Crossville ,TN ,285000
2416,37138, Old Hickory ,TN ,299900
2417,37415, CHATTANOOGA ,TN ,195000
2418,37336, GEORGETOWN ,TN ,158000
2419,38017, COLLIERVILLE ,TN ,364900
2420,37311, Cleveland ,TN ,119900
2421,38017, COLLIERVILLE ,TN ,650000
2422,37215, NASHVILLE ,TN ,7900000
2423,37743, Greeneville ,TN ,149900
2424,37042, CLARKSVILLE ,TN ,169900
2425,92649, Huntington Beach ,CA ,290000
2426,90606, WHITTIER ,CA ,389000
2427,94547, HERCULES ,CA ,549950
2428,95405, Santa Rosa ,CA ,459000
2429,93560, Rosamond ,CA ,20422
2430,90210, BEVERLY HILLS ,CA ,22500000
2431,90210, BEVERLY HILLS ,CA ,19998000
2432,90077, LOS ANGELES ,CA ,6989000
2433,94110, SAN FRANCISCO ,CA ,788000
2434,92264, PALM SPRINGS ,CA ,249500
2435,90069, Los Angeles ,CA ,10495000
2436,90805, LONG BEACH ,CA ,498500
2437,94577, San Leandro ,CA ,550000
2438,92118, Coronado ,CA ,25000000
2439,94063, Redwood City ,CA ,839000
2440,95136, SAN JOSE ,CA ,998000
2441,90077, LOS ANGELES ,CA ,6499000
2442,90265, MALIBU ,CA ,20875000
2443,91335, RESEDA ,CA ,579000
2444,90210, BEVERLY HILLS ,CA ,29999000
2445,90805, LONG BEACH ,CA ,425000
2446,94040, MOUNTAIN VIEW ,CA ,1988000
2447,90805, LONG BEACH ,CA ,499995
2448,92064, POWAY ,CA ,900000
2449,91350, Santa Clarita ,CA ,499000
2450,84014, CENTERVILLE ,UT ,215000
2451,84790, Saint George ,UT ,379900
2452,84005, Eagle Mountain ,UT ,249900
2453,84790, St George ,UT ,420000
2454,84020, DRAPER ,UT ,447000
2455,84004, Alpine ,UT ,894000
2456,84098, Park City ,UT ,14900000
2457,84106, Millcreek ,UT ,185000
2458,84088, West Jordan ,UT ,299900
2459,84780, Washington ,UT ,2600000
2460,84604, Provo ,UT ,249900
2461,84088, WEST JORDAN ,UT ,345000
2462,84094, Sandy ,UT ,329900
2463,84020, Draper ,UT ,519900
2464,84093, SANDY ,UT ,499000
2465,84790, St George ,UT ,333500
2466,84770, St George ,UT ,279999
2467,84606, Provo ,UT ,374900
2468,84043, Lehi ,UT ,495000
2469,84025, Farmington ,UT ,475000
2470,84501, PRICE ,UT ,89900
2471,84404, Ogden ,UT ,229900
2472,84790, St George ,UT ,189500
2473,84106, SALT LAKE CITY ,UT ,615000
2474,84097, Orem ,UT ,399900
2475,75040, GARLAND ,TX ,65000
2476,76111, Fort Worth ,TX ,300000
2477,78254, SAN ANTONIO ,TX ,247900
2478,75253, Dallas ,TX ,180000
2479,77380, SPRING ,TX ,140000
2480,77449, KATY ,TX ,147000
2481,76051, Grapevine ,TX ,360000
2482,77095, Houston ,TX ,217000
2483,77379, SPRING ,TX ,359084
2484,75034, Frisco ,TX ,435000
2485,75201, DALLAS ,TX ,199500
2486,78745, AUSTIN ,TX ,410000
2487,78704, Austin ,TX ,499999
2488,78163, BULVERDE ,TX ,300000
2489,77090, HOUSTON ,TX ,199000
2490,75007, CARROLLTON ,TX ,269900
2491,75034, Frisco ,TX ,4995000
2492,79938, EL PASO ,TX ,182000
2493,76120, Fort Worth ,TX ,235900
2494,77068, HOUSTON ,TX ,899000
2496,75010, CARROLLTON ,TX ,310000
2497,77004, HOUSTON ,TX ,150000
2498,79938, EL PASO ,TX ,187950
2499,78660, Pflugerville ,TX ,191990
